company_name,website,representative,employees,founded,capital,type_url
アクセンチュア株式会社,http://www.accenture.com/,代表取締役社長 濱岡 大,"日本 約29,000人、グローバル784,000人",1995年12月（創業1989年）,,https://type.jp/job-company/1073/
株式会社NTTデータ,http://www.nttdata.co.jp/,代表取締役社長 鈴木正範,"197,800人（グループ全体／2025年3月31日現在）",1988年（昭和63年）5月23日,"142,520百万円（2025年3月31日現在）",https://type.jp/job-company/1219/
株式会社エヌ・エス・アール,http://www.nsr-net.co.jp/,代表取締役社長 村上俊一,63名(2023年1月時点),1978年8月,3000万円,https://type.jp/job-company/5119/
ＡＬＳＯＫ常駐警備株式会社【ALSOKグループ】,https://st-security.alsok.co.jp/,代表取締役社長／宮島 裕,"1,252名",2003年4月,,https://type.jp/job-company/5488/
HSBジャパン株式会社,https://www.munichre.com/hsb/en/services/engineering/global-inspection/international-languages/japanese.html,カントリーマネージャー 小杉 雄介,16名 (パート、請負社員含む）,1866年 ※日本法人設立は、2000年1月,7000万円,https://type.jp/job-company/5870/
株式会社ＯＮＥ,,代表取締役 山﨑 圭一郎,435名（2025年3月現在）,2004年4月,"3,000万円",https://type.jp/job-company/6759/
株式会社エクストリーム【東証グロース上場】,http://www.e-xtreme.co.jp,代表取締役社長 佐藤 昌平,単体503名 連結712名※2025年3月末現在,2005年5月,422百万円,https://type.jp/job-company/8591/
イオンディライトセキュリティ株式会社（イオングループ）,http://aeondelight-security.co.jp/,代表取締役社長 辻中昭彦,1968人（2026年2月期）,2004年3月,3000万円,https://type.jp/job-company/9524/
株式会社エムトラッド,https://mtrad.co.jp/,代表取締役 伊藤康弘,120名（2023年2月現在）,2002年11月,1000万円,https://type.jp/job-company/10103/
インターギアソリューション株式会社,http://www.ig-s.co.jp,代表取締役社長／上松 孝男,47名(東京営業部27名／大阪2名／仙台1名/営業補助部1名/採用制作部7名/東京新規営業部9名),2003年5月29日,1億円（2022年11月1日以降）,https://type.jp/job-company/10135/
株式会社オープンアップコンストラクション（東証プライム上場グループ）,https://recruit.openup-construction.co.jp/,代表取締役社長 髙比良 直人,"7,803名 ※2026年6月末時点",2019年6月24日（グループ設立：1976年9月27日）,110百万円,https://type.jp/job-company/10164/
株式会社インフィライズ,https://www.infiraiz.com/,代表取締役 杉本 幸雄,115名,2007年9月,3000万円,https://type.jp/job-company/11227/
株式会社ウェーブ,https://www.waveco.co.jp/,代表取締役／深井 賢一,57名（2025年4月現在）,1984年3月1日（昭和59年）,"3,000万円",https://type.jp/job-company/16038/
アビームコンサルティング株式会社,https://www.abeam.com/jp/ja/,代表取締役社長 山田貴博,"8,816名 （2025年4月1日現在 連結）",1981年4月1日,62億円,https://type.jp/job-company/16238/
株式会社オプティマ,http://www.opt.co.jp/,代表取締役／森田宏樹,374人,1972年8月21日,1億円,https://type.jp/job-company/16392/
株式会社大塚商会【東証プライム上場】,https://www.otsuka-shokai.co.jp/,代表取締役社長 大塚 裕司,"従業員数 7,949名（連結子会社を含めた従業員数 9,680名）＊2024年末日",1961年7月17日(1961年12月13日、株式会社として登記),"10,374,851,000円",https://type.jp/job-company/17096/
株式会社イーシー,http://www.ec-chance.jp/,代表取締役 村田 佳之,40名(技術37名、営業2名、総務・経理1名、内女性9名）※2025年7月現在,2012年12月,1000万円,https://type.jp/job-company/17598/
株式会社インターネットイニシアティブ（IIJ）【東証プライム市場上場】,http://www.iij.ad.jp/,代表取締役 鈴木 幸一、勝 栄二郎,"連結／4,803名：単体／2,680名（2024年3月末時点）",1992年12月3日,230億2300万円,https://type.jp/job-company/18093/
株式会社イーガオ,https://www.egao-inc.co.jp/,代表取締役 田中 寿法,63名（2026年4月現在）,2013年02月,300万円,https://type.jp/job-company/18356/
株式会社アイ・ハッツ,http://www.i-hats.co.jp/,代表取締役 泉 光治,22名,2000年5月29日,1000万円,https://type.jp/job-company/18384/
株式会社ASIAN STAR【東証スタンダード上場】,http://www.asian.co.jp/,代表取締役 渡邉 智彦,76名（連結）（2025年12月31日現在）,1979年,"1,705百万円",https://type.jp/job-company/18651/
株式会社アイリックコーポレーション（保険クリニック）【東証グロース上場】,https://www.irrc.co.jp/,代表取締役社長CEO 勝本 竜二,486名（643名 ※グループ全体）,1995年7月,"13億5,478万円",https://type.jp/job-company/19449/
株式会社アイ・ディ・エイチ,https://idh-net.co.jp,代表取締役社長 伊藤貞治,466名,2014年7月8日,"8,000万（資本準備金含む）",https://type.jp/job-company/20878/
伊藤忠テクノソリューションズ株式会社,http://www.ctc-g.co.jp/,代表取締役社長 新宮 達史,"単体 5,983名、CTCグループ 12,222名（2025年4月1日現在）",1979年7月11日（創業：1972年4月1日）,217億6400万円,https://type.jp/job-company/21148/
株式会社アクトエンジニアリング,http://www.acte.co.jp/,代表取締役社長 石井 春海,,1997年10月1日,"4,000万円",https://type.jp/job-company/21257/
株式会社エム・シー・アイ,https://www.medical-ci.co.jp/,代表取締役社長 千田 壮修,160名,2007年5月1日,"9,000万円",https://type.jp/job-company/21347/
株式会社NTTデータ【ポジションマッチ登録】,http://www.nttdata.com/jp/ja/index.html,代表取締役社長 鈴木正範,"197,800人（グループ全体／2025年3月31日現在）",1988年（昭和63年）5月23日,"142,520百万円（2025年3月31日現在）",https://type.jp/job-company/22110/
株式会社ヴィンクス【富士ソフトグループ】,http://www.vinx.co.jp/index.html,代表取締役 社長執行役員 渋谷 正樹,"1,666名（連結）／ 1,349名（単体） （2025年12月末）",1991年2月20日,"5億9,603万円",https://type.jp/job-company/23530/
オーマイグラス株式会社【Oh My Glasses】,https://www.ohmyglasses.co.jp/,代表取締役社長 清川 忠康,100名,2011年7月15日,6億7165万円,https://type.jp/job-company/24006/
株式会社アワードシステム,http://www.awardsystem.co.jp/,代表取締役 村岡 晃,20名,2002年6月27日,5900万円,https://type.jp/job-company/24074/
株式会社アーキ・ジャパン,http://akijapan.co.jp,代表取締役会長 北川太／取締役社長 児島公彦,"グループ従業員数：3,445名（2025年10月末時点）",2007年2月26日,"1,000万円",https://type.jp/job-company/24644/
ヴァーデン販売株式会社,http://www.vaden.tokyo/,代表取締役 荒木慎太郎,10名（2026年3月31日現在）,1958年8月1日,1000万円,https://type.jp/job-company/25325/
アヴェイルテクノロジ株式会社,http://www.avail-tech.co.jp/,代表取締役社長 谷口 守俊,29名(2025年3月末),平成20年7月,"6,200万円",https://type.jp/job-company/25768/
株式会社オーディオテクニカ,https://www.audio-technica.co.jp/corp/,代表取締役社長 松下 和雄,570名（関連含め合計約750名）,1962年4月17日,1億円,https://type.jp/job-company/26142/
株式会社 映像機器システム社,http://eizou.tv/,武仲 清一,,,"1,000万円",https://type.jp/job-company/28325/
アスクル株式会社【ソフトバンクグループ／LINEヤフー株式会社】,https://www.askul.co.jp/corp/,代表取締役社長 CEO 吉岡 晃,"3,697名（連結 2025年5月20日現在）",1963年11月 （プラス株式会社のステープル製造子会社としてプラス工業株式会社を設立）,"21,233百万円（2025年5月20日現在）",https://type.jp/job-company/28832/
ＡＬＳＯＫ-ＴＷ東日本株式会社,https://www.tweast.alsok.co.jp/,代表取締役社長 平山樹也,320名（2026年4月時点）,2017年4月1日,1億円,https://type.jp/job-company/29010/
株式会社アイザワビルサービス,http://www.aizawa-rm.co.jp/,代表取締役 相澤 仁,1870名（うちパート980名）※2025年４月時点,1989年1月,"1,000万円",https://type.jp/job-company/29117/
株式会社オーディオテクニカ【ポジションマッチ登録】,https://www.audio-technica.co.jp/,代表取締役社長 松下 和雄,,1962年4月17日,1億円,https://type.jp/job-company/29252/
Avintonジャパン株式会社,https://avinton.com/,代表取締役 中瀬 幸子,106名,2010年5月,3億900万円,https://type.jp/job-company/29567/
AJ・Flat株式会社,https://ajflat.co.jp/,代表取締役社長 尾上 雅憲,238名／グループ合算803名 （2024年4月末時点）,2008年11月11日,8000万円（グループ合算 9億658万円）,https://type.jp/job-company/30097/
株式会社アドバンテックス（日本ソフテックグループ合同募集）,https://www.advantex.co.jp/,代表取締役 窪田育夫,12名（男性7名、女性5名）,1990（平成2）年4月2日,"1,700万円",https://type.jp/job-company/31329/
株式会社アド・プロ,http://www.adpro-inc.co.jp/,代表取締役社長／髙木 祐輔,640名（2025年1月時点）,2004年12月1日,"65,000,000円",https://type.jp/job-company/31532/
株式会社牛若丸,http://www.uswk.jp/,代表取締役 奥村 努,8名,2012年4月,800万円,https://type.jp/job-company/31812/
株式会社岩建ホームリニュ,https://iwaken-hr.co.jp/,代表取締役社長 上野 俊典,16名（2025年8月現在）,2014年1月,500万円,https://type.jp/job-company/31853/
インフォコム株式会社,https://www.infocom.co.jp/ja/index.html,代表取締役社長 CEO 黒田 淳,,1983年2月,1億円,https://type.jp/job-company/32267/
株式会社イオシス,https://www.io-sys.co.jp/,代表取締役社長 島崎 浩一,35名,2014年9月1日,"1,000万円",https://type.jp/job-company/32582/
伊藤忠マシンテクノス株式会社【ポジションマッチ登録】,https://www.itcmt.co.jp/,代表取締役 社長執行役員CEO：松本 茂伸,366名 (2026年4月1日現在),1966年4月20日,,https://type.jp/job-company/33084/
株式会社 Axcia Solutions,http://www.axc-s.com/,石田 敏之,15名,2016年6月2日,1000万円,https://type.jp/job-company/33483/
ＦＴＣ株式会社,https://www.ft-cons.co.jp/,代表取締役 渡邊 吉臣,62名,2017年4月,"5,000万円",https://type.jp/job-company/33502/
株式会社ITSO,https://itso.co.jp/,代表取締役／深野靖浩 北川伸一,平均年齢／30歳,2018年5月9日,,https://type.jp/job-company/33509/
株式会社NSM,https://nsm-nsgroup.co.jp/,代表取締役社長 矢追 龍之介,33名,2019年1月29日設立 / 2019年6月1日創業,"2,000万円",https://type.jp/job-company/33788/
株式会社ＮＴＴデータビジネスシステムズ,https://www.nttdata-bizsys.co.jp/,代表取締役社長 福西 克文,1322名（2025年4月1日現在）,2011年4月1日,1億円（NTTデータ100%）,https://type.jp/job-company/34256/
アライズイノベーション株式会社,https://www.ariseinnovation.co.jp/,代表取締役社長 CEO 清水 真,18人,2016年7月1日,"8,000万円",https://type.jp/job-company/34506/
株式会社イーエムグループ,http://www.em-group.co.jp/,種田 繁樹,,2016年2月,3千万円,https://type.jp/job-company/35208/
Apex株式会社,https://www.apexkk.com/,代表取締役：ブロック・ワーベッツ(Brock Worbets),102名 (2023年4月現在),2010年9月,2000万円,https://type.jp/job-company/35233/
ウォータースタンド株式会社,https://waterstand.co.jp,代表取締役 本多 均,,1969年3月31日,5000万円,https://type.jp/job-company/35395/
株式会社オネスト,https://www.honest.co.jp/,代表取締役 本間 大輔,207名（2026年7月時点 オネストグループ）,1990年3月1日,"7,000万円",https://type.jp/job-company/35859/
株式会社エンパワー『買取大吉』,http://www.en-power.jp/,代表取締役 増井 俊介,1350名（2026年6月末現在）,2010年10月,3000万円,https://type.jp/job-company/36264/
株式会社オープンアップネクストエンジニア,https://openup.nextengineer.com/,代表取締役社長 木村 重晴,"単体7,747名：2025年10月1日時点／連結26,978名：2025年6月期",2019年7月,200百万円（2025年7月時点）,https://type.jp/job-company/36419/
omeroid株式会社,https://www.omeroid.com/,代表取締役社長 CEO 松野貞之,19名,2019年2月,900万円,https://type.jp/job-company/36458/
株式会社アクシオ,https://www.axio.co.jp/,代表取締役社長 渡邉 浩司,167名（2026年6月現在）,1991年12月,3億1000万円,https://type.jp/job-company/36730/
有限会社アクセス,https://www.acsc.jp/,代表取締役 根岸 不二夫,10名（男性：9名／女性：1名）,1993年4月22日,500万円,https://type.jp/job-company/37109/
株式会社アイスタイル【ポジションマッチ登録】,http://www.istyle.co.jp/,代表取締役社長 兼 COO 遠藤宗,"1,208名（連結）（2025年6月末日現在）",1999年7月27日,"71億7,900万円（2025年6月末日現在）",https://type.jp/job-company/37257/
株式会社アイ・ティー・シー,http://www.i-t-c.jp/,代表取締役 太田 聡,30名,2003年3月,"1,000万円",https://type.jp/job-company/37297/
株式会社ＡＴＪＣ【上場グループ】,https://atjc-it.jp/,代表取締役社長／齋藤 拓,約400名,2007年12月,4800万円,https://type.jp/job-company/37526/
株式会社エクサウィザーズ,https://exawizards.com,代表取締役社長 春田 真,587名（※連結 / 2025年3月末時点正社員）,2016年2月1日,24億円（※2025年3月末時点）,https://type.jp/job-company/37690/
SMHC株式会社,https://smhc.co.jp/,代表取締役 李 鉉道,,2016年5月10日,2000万円,https://type.jp/job-company/37745/
株式会社 エテレイン,https://eterein.co.jp/,CEO （代表取締役）／古田 拓也,25人（2023年2月1日現在）,2017年7月7日,300万円,https://type.jp/job-company/37778/
株式会社MTG,https://www.mtg.gr.jp/,代表取締役社長：松下 剛,"1,451人（2024年9月末現在、アルバイト・パート含む）",1996年1月,167億円,https://type.jp/job-company/37985/
栄和建物管理株式会社,http://www.etk.co.jp/,代表取締役 川俣光一,1460名（グループ合計2180名）,1958年7月8日,3000万円,https://type.jp/job-company/38024/
株式会社インキュライズ・コンサルティング,https://incurise.co.jp,代表取締役 高橋 倭,40名（2024年4月時点）,2020年1月,"1,000万円",https://type.jp/job-company/38066/
株式会社 アップコム,https://up-com.net/,代表取締役 寺本 公平,1000名（2025年12月現在）,2016年6月8日,"10,000,000円",https://type.jp/job-company/38507/
株式会社アビリティ,https://www.abinet.co.jp/,代表取締役 石川 圭相,36名,2005年9月,"1,000万円",https://type.jp/job-company/38942/
株式会社HNS,http://h-ns.jp/#/company,代表取締役 有本 靖男,,2011年11月4日,1500万円,https://type.jp/job-company/38997/
株式会社MS-Japan,https://www.jmsc.co.jp/,代表取締役会長 CEO 有本 隆浩,,1990年4月,5億8700万円（2025年3月時点）,https://type.jp/job-company/39122/
株式会社ＬＢＢ,https://lbb.co.jp,代表取締役 宮本 敦史,8名,2018年6月5日,4000万円 ※累計調達総額3億3600万円,https://type.jp/job-company/39558/
株式会社ウェルスペック,https://wellspec.co.jp/,代表取締役／大崎 竜凱,31人（2025年12月）,2019年3月,"10,000,000円",https://type.jp/job-company/39749/
株式会社アコミック,https://acomic.co.jp/,外石悠真,35名（2026年5月時点）,2020年10月14日,1000万円,https://type.jp/job-company/39894/
株式会社アンドエスティＨＤ,https://www.andst-hd.co.jp/,代表取締役社長 福田 泰生,"正社員／6,936名（2026年2月末時点、グループ合算）",1953年10月22日,"2,660百万円",https://type.jp/job-company/40152/
株式会社ＦＰパートナー 本社【東証プライム上場】,https://fpp.jp/overview/,代表取締役社長／黒木 勉,平均年齢／46.4歳,2009年12月,"19億5,564万円（2026年2月28日時点）",https://type.jp/job-company/40164/
株式会社ＥＳＥＳ,https://eses-inc.jp/,代表取締役社長 白川 聖悟,315名 ※2026年2月時点,2021年10月,"3,000万円",https://type.jp/job-company/40293/
株式会社アールツー,https://www.r2corp.co.jp?rmi=YFrTLLMq2,蒲池 恵太,21名,2016年5月26日,900万円,https://type.jp/job-company/40392/
株式会社ＷｉＺ,https://www.wizwiz.co.jp/,代表取締役／小林 孝道,550名,2012年10月10日,"8,000万円",https://type.jp/job-company/40446/
株式会社エンジョイ,https://en-joy.co.jp,代表取締役 武井 謙一,80名(協力パートナー200名),2013年11月22日,"1,000万円",https://type.jp/job-company/40544/
大原出版株式会社（資格の大原）,,代表取締役 中川 和久,191名（2023年3月現在）,1979年2月,"4,600万円",https://type.jp/job-company/40797/
ＦＰＴコンサルティングジャパン株式会社,https://www.fpt-software.jp/,代表取締役社長 グェン・フゥ・ロン,300 名 (グループ全体：60000名),2019 年 7 月 25 日,7000万,https://type.jp/job-company/41403/
Sテクノロジー株式会社,https://sincerity-trust.com/,代表取締役 金澤 実,54名(2023年10月時点),2007年8月29日,"18,000,000円",https://type.jp/job-company/41794/
株式会社アスパーク,https://www.aspark.co.jp/,代表取締役 吉田 眞教,4903名（2025年4月時点）,2014年1月14日 （創業2005年10月）,5000万円（2020年3月31日現在）,https://type.jp/job-company/41815/
エナジー・ソリューションズ株式会社,https://www.energy-itsol.com/,代表取締役社長 森上 寿生,78名（2025年10月時点）,2010年2月18日,"1億円（資本準備金：4,890万円）",https://type.jp/job-company/41921/
アビームコンサルティング株式会社【ポジションマッチ登録】,https://jp.abeam.com/,代表取締役社長 山田貴博,"8,816名 （2025年4月1日現在 連結）",1981年4月1日,62億円,https://type.jp/job-company/42123/
株式会社Ａｂｙｓｓ Ｂｒａｖｅ Ｃｏｍｐａｎｙ,https://abyssbrave-co.jp/,代表取締役社長 大西 亜登夢,,2023年4月,1000万円,https://type.jp/job-company/42124/
ウィンヴォルブ株式会社,https://winvolve.co.jp/,山本 侑希,,2023年9月25日,2500万円,https://type.jp/job-company/42542/
株式会社HRエイド,http://hraid.co.jp/,代表取締役 田中 豊,80名（2026年7月現在）,2011年6月,2000万円,https://type.jp/job-company/42656/
株式会社Ｍマート【東証グロース上場】,https://www.m-mart.co.jp/,代表取締役社長 村橋孝嶺,61名 (2024年1月31日現在),2000年2月25日,3億1861万9000円,https://type.jp/job-company/42688/
オトロンカーズ株式会社【オートバックスセブングループ】,https://www.otoron.jp/,代表取締役社長 吉武誠一,389名（2026年7月1日時点）,2012年8月8日,5000万円（オートバックスセブン100％出資）,https://type.jp/job-company/42772/
イオンネクストデリバリー株式会社,https://aeonnextdelivery.co.jp/,代表取締役社長 笹本 和也,"1,000名（2026年4月現在）",2022年2月1日,1億円,https://type.jp/job-company/42871/
イリオスター株式会社,https://iliostar.co.jp/,代表取締役社長 木野 一馬,97名（2026年6月時点）,2023年11月13日,2500万円,https://type.jp/job-company/43009/
株式会社OverTech,https://overtech.tokyo/,落合 美幸,28名,2022年3月,300万円,https://type.jp/job-company/43182/
株式会社エムオープランニング,http://mo-plan.net/top.html,代表取締役社長 高橋史生,,2003年5月8日,2000万円,https://type.jp/job-company/43288/
株式会社エイト,https://www.ato-tech.co.jp/,松橋 明彦,,2020年,800万円,https://type.jp/job-company/43810/
株式会社Otaks,https://otaks.jp/,代表取締役 藤谷 宗平,95名（2026年4月時点）,2024年3月15日,2000万円,https://type.jp/job-company/43834/
オルビス株式会社【ポジションマッチ登録】,https://corp.orbis.co.jp/,代表取締役社長 山口 裕絵,"1,051名（2024年12月末現在）",1984年6月,110百万円,https://type.jp/job-company/43841/
株式会社エスアイイー 【東京プロマーケット上場】,https://sie.co.jp/,代表取締役 藤正幸,1330人（2025年12月時点）,2004年6月,3000万円,https://type.jp/job-company/43914/
株式会社ウィシェア,https://weshare.co.jp/,代表取締役 金子 竜也,25名,2015年 10月,2000万円,https://type.jp/job-company/44029/
株式会社アールイコール,https://r-equal.com/,代表取締役／林 鋭大,220名（2026年6月現在）,2017年,500万円,https://type.jp/job-company/44033/
株式会社Ａｃｅｓ,https://www.a-ces.co.jp/,小村 拓也,20名（2026年2月時点）,令和5年11月22日,,https://type.jp/job-company/44040/
アルテンジャパン株式会社,https://www.alten-japan.com/,代表取締役社長 相川 修一,1624名（2026年1月時点）,1985年2月,5000万円,https://type.jp/job-company/44046/
株式会社ｉサポート,https://www.i-spt.com/,代表取締役 岩上 直也,280名（2026年4月時点）,2018年3月,"4,500万円",https://type.jp/job-company/44155/
株式会社AVATAR,https://www.ava-tar.jp,代表者：萩原 洋介 / 土屋 一樹,160名,2023年1月16日,990万円,https://type.jp/job-company/44205/
株式会社AMG Solution,https://amg-solution.jp/,代表取締役 青栁 雄飛,37名（2025年1月時点）,2009年7月,"13,500,000円",https://type.jp/job-company/44226/
NTT西日本株式会社,,代表取締役社長 木上秀則,"約14,000名",平成25年10月1日,1億円,https://type.jp/job-company/44236/
株式会社エンジニアのミカタ,https://engineer-mikata.com/,田代 正義,450名,2020年5月29日,1億円,https://type.jp/job-company/44446/
株式会社エイムズ,https://aims-group.co.jp/,代表取締役 石堂 建一,,2008年4月4日,1000万円,https://type.jp/job-company/44579/
アクサ生命保険株式会社 首都圏第七FA支社(大阪/福岡/つくば/広島/札幌/仙台),https://www.axa.co.jp/,代表取締役社長兼CEO クリストフ・アヴネル,"8,147名（2024年度末）",​2000年3月,​850億円,https://type.jp/job-company/44617/
EMIconsulting株式会社,http://www.emi-consulting.co.jp/,代表取締役社長／嵯峨 英介,,平成23年6月17日,700万円,https://type.jp/job-company/44696/
株式会社アドコミ,https://adcomi.co.jp/,代表取締役 折原 潤,平均年齢／34歳,2021年10月1日,,https://type.jp/job-company/44780/
株式会社エンジニアファースト,https://engineer-first.co.jp/,代表取締役 飯田 志賢,120名,2023年1月,500万円,https://type.jp/job-company/44887/
株式会社ＵＬＴＩ‐ＭＥ,https://ulti-me.ltd/,代表取締役 小山 雄太郎,750名(2026年8月時点/ホールディングス含む),2022年,3000万円,https://type.jp/job-company/45045/
株式会社AgilityShare,https://agility-share.co.jp,西村 大樹,17名,2022年3月1日,1000万円,https://type.jp/job-company/45074/
株式会社エクシードキャリア,http://exceedcareer.co.jp/,代表取締役会長 嘉 康一／取締役社長 中園 康裕,400名 ※グループ全体：1400名,2017年,4000万円,https://type.jp/job-company/45180/
ＡＬＳＯＫ東京株式会社【東証プライム上場グループ】,https://www.tokyo.alsok.co.jp/,代表取締役社長 熊﨑 善夫,"1,041名（令和5年3月末日時点）",1972年6月15日,"3,000万円",https://type.jp/job-company/45325/
イージス・ワークス株式会社,,代表取締役 長 裕康（おさ ひろやす）,平均年齢／35歳,,100万円,https://type.jp/job-company/45605/
株式会社エスプリフォート,https://www.esprit-fort.co.jp/index.html,代表取締役 福島 徹,80人（グループ連結）,2001年8月1日,"5,000万円",https://type.jp/job-company/45756/
アクストリア株式会社【東証グロース上場グループ】,https://axtria.co.jp/,代表取締役社長 森 博和,154名（2026年4月時点）,2006年8月16日,"3,750万円",https://type.jp/job-company/45759/
ａｕコマース＆ライフ株式会社,https://www.au-cl.co.jp/,代表取締役社長 桑田 祐二,,2010年10月18日,13億3540万円（資本準備金を含む）,https://type.jp/job-company/45826/
株式会社大塚商会【ポジションマッチ登録】,https://www.otsuka-shokai.co.jp/,代表取締役社長 大塚 裕司,"従業員数 8,287名（連結子会社を含めた従業員数 10,079名）＊2025年末日",1961年7月17日（1961年12月13日、株式会社として登記）,"10,374,851,000円",https://type.jp/job-company/45852/
株式会社インフォース,https://www.inforce.ne.jp/index.html,内田 悠,,平成15年7月24日,,https://type.jp/job-company/45982/
株式会社アイ・エス・ビー,https://www.isb.co.jp/,代表取締役社長 若尾 一史,"2,752名 連結（2025年12月31日現在）",1970年（昭和45年）6月,"24億2,603万円（2026年4月27日現在）",https://type.jp/job-company/46009/
ＳＢペイメントサービス株式会社,https://www.sbpayment.co.jp/,代表取締役社長 兼 CEO 榛葉 淳,,2004年10月1日,"6,075百万円（資本準備金6,075百万円） ソフトバンク株式会社100％出資",https://type.jp/job-company/46180/
株式会社イコー保安サービス,https://iko-security.com/,代表取締役会長 井崎弘子,約900名（関連会社含む）,昭和60年5月10日,"3,000万円",https://type.jp/job-company/46297/
株式会社Widsley,https://widsley.com,代表取締役 髙橋 弘考,平均年齢／28歳,2013年,"708,000,000 円（資本準備金含む）",https://type.jp/job-company/46483/
オックスフォードパートナーズ株式会社,https://oxford-partners.jp/,森 エミリ,112名（一部業務委託含む）,2022年4月,300万円,https://type.jp/job-company/46489/
アマノホーム株式会社,https://amanohome2024.com/#company,代表取締役 天野 裕二,,2024年 11月,"5,000,000円",https://type.jp/job-company/46523/
オープン株式会社,https://open.co.jp/,代表取締役執行役員社長 石井 岳之,,2013年7月,30百万円（2024年6月1日時点）,https://type.jp/job-company/46582/
株式会社エス・エム・エス【ポジションマッチ登録】,,代表取締役社長 後藤 夏樹,"連結：4,528人、単体：3,049人（2025年3月31日時点）",2003年4月4日,"25億5,172万円（2025年3月31日時点）",https://type.jp/job-company/46661/
オプテラ株式会社,https://opterra.co.jp,福島健二,,2025年3月12日,2500万円,https://type.jp/job-company/46739/
株式会社ＮＮＣグループ,https://nncg.jp/,CEO 金子 幸裕,252名,2010年4月,"2,000万円",https://type.jp/job-company/46745/
株式会社ＡＩメタバース,,佐藤 和奏,92名,2024年1月,500万円,https://type.jp/job-company/46750/
株式会社ＩＴエグゼクティブ,https://it-executive.jp/,代表者 菅原 秀平,100名（業務委託含む）,2021年3月,300万円,https://type.jp/job-company/46751/
株式会社Ａｔｏｍｓ,,代表取締役社長 原子和磨,65名（2025年3月時点）,2022年,2000万円,https://type.jp/job-company/46839/
株式会社WAVESYNC,https://www.wavesync.co.jp/,代表取締役 安達正樹,30名,2010年,"10,000,000円",https://type.jp/job-company/46897/
株式会社エンジニアキャピタル,https://www.engineer-capital.jp/,代表者 堀江 昂汰,,2024年1月,"550万8,900円",https://type.jp/job-company/46963/
株式会社イフ,https://www.ifnet.co.jp/,代表取締役社長 川﨑 芳清 ／ 常務取締役 泉 雅子,35名,1988年6月,1億円,https://type.jp/job-company/47058/
株式会社アトラックＮＥＯ,https://www.atluckneo.jp/,野村 佳寿,13名,2012年5月31日,1000万円,https://type.jp/job-company/47072/
アワーズシップ株式会社,https://oursship.co.jp/,代表取締役 塩田悠麻,27名(業務委託含む),2024年6月21日,1000万円,https://type.jp/job-company/47166/
株式会社SC direct,https://sc-direct.co.jp/company,代表取締役 桝本 彩香,100名（2026年6月現在）,2024年10月7日,"2,000万円",https://type.jp/job-company/47198/
株式会社Article IT Works,https://articleitworks.com/,代表取締役 川越 直人,,2024年6月,"1,000,000円",https://type.jp/job-company/47248/
ＦＪＵＴプラス株式会社,https://www.ut-g.co.jp/fup/top/,代表取締役社長／森川 弘二,1839名（2025年10月末時点）,1980年10月 ※富士通株式会社全額出資で富士通アプリコ株式会社として設立,1億円,https://type.jp/job-company/47401/
株式会社オープンアップシステム【東証プライム上場グループ】,https://www.openupsystem.co.jp/,代表取締役社長 細井 篤,651名,1996年12月,30百万円,https://type.jp/job-company/47510/
株式会社ｅ‐Ｍｉｎｔ,https://www.emint.co.jp/,代表 青山 恭和,15名(業務委託を含む),2024年11月12日,990万円,https://type.jp/job-company/47514/
株式会社インフレーション,https://inflation.co.jp/,代表取締役 魚澤 克樹,103名（一部業務委託含む）※2026年6月時点,2025年,500万円,https://type.jp/job-company/47547/
株式会社ＡＳＳＩＳＴ,https://assist-sports.com/,代表取締役社長 CEO 大津 祐樹,平均年齢／28歳,2019年9月,2000万円,https://type.jp/job-company/47549/
株式会社ＡＩクラウド,,代表取締役 上田 郷,51名,2024年3月,500万円,https://type.jp/job-company/47553/
株式会社ＡＩ INNOVATION,https://aiinnovation.jp/,代表取締役 遠藤 皇士,80名（2026年8月時点）,2023年12月,"2,000万円",https://type.jp/job-company/47570/
伊藤忠テクノソリューションズ株式会社【ポジションマッチ登録】,https://www.ctc-g.co.jp/,代表取締役社長 新宮 達史,"単体 5,983名、CTCグループ 12,222名（2025年4月1日現在）",1979年7月11日,"21,764000000円",https://type.jp/job-company/47685/
アシスト合同会社,,藤田 真一郎,27名,令和元年10月,,https://type.jp/job-company/47810/
アイアール株式会社,https://www.ir-inc.net/,大山 竜吾（TikTokアカウント @oyamashacho_ir）,1566人（2026年7月時点）,2015年1月,"2,000万円",https://type.jp/job-company/47902/
ＡＩＧ損害保険株式会社,https://www.aig.co.jp/sonpo,代表取締役社長 兼 CEO ジェームス・ナッシュ,"6,061名（専属営業社員含む／2025年3月31日時点）",1946年 ※2018年1月1日、AIG損害保険株式会社として営業を開始しました。,137億円,https://type.jp/job-company/47904/
株式会社Asovi,https://asovigroup.co.jp/,嶋村圭介,46名,2017年,"1,000万円",https://type.jp/job-company/47918/
エルガーホールディングス合同会社,https://elgar-hd.jp/,代表取締役社長 大谷 憲弘,28名,2018年 9月,900万円,https://type.jp/job-company/47973/
株式会社あかつき興産,https://www.akatsuki-k.jp/company.php,代表取締役：荻原雄,25名(2026年7月現在),2023年5月,980万円,https://type.jp/job-company/47981/
株式会社イデア,https://www.kk-idea.com/,大村 直己,,,900万円,https://type.jp/job-company/47994/
ＩＥ３－Ｇｒｏｕｐ株式会社,https://www.ie3-group.com/,代表取締役 狩野 正之真,40名（業務委託含む）,,,https://type.jp/job-company/48161/
エヌアイシィ株式会社,https://nagatake.co.jp/nic/,代表取締役 長竹 晃平,245名（※グループ社員数約900名・日本国内法人）,1978年2月（※2023年1月より現社名へ）,"3,000万円",https://type.jp/job-company/48168/
株式会社オープンハウス【東京証券取引所プライム上場】,https://openhouse-group.co.jp/,代表取締役社長 福岡 良介,"6,620名（2025年9月末時点）",1997年9月,"202億3,549万円",https://type.jp/job-company/48296/
株式会社エムズプロ,https://www.mspro.co.jp/,代表取締役会長 宮本 純一,46人(2025年4月1日現在),1992年10月,7000万円,https://type.jp/job-company/48310/
ＨＪホールディングス株式会社,https://www.hjholdings.jp/,代表取締役社長 髙谷和男,138名,2011年9月,,https://type.jp/job-company/48316/
株式会社エムティークラウド,https://mt-cloud.jp/,松田広人,115名,2023年11月,"2,500万円",https://type.jp/job-company/48332/
株式会社NTTデータ 金融高度技術本部,https://www.nttdata.com/jp/ja/,代表取締役社長 鈴木 正範,"151,600名",2022年11月,"1,000百万円",https://type.jp/job-company/48361/
ＨＲプロビジョン株式会社,https://hr-provision.jp/,奥野 裕嗣,515名(2026年5月末時点),2023年11月28日,1億円,https://type.jp/job-company/48415/
ＳＫサービス株式会社,https://sk-engineers.jp/,代表取締役 島貫正弘,,2010年12月1日,"2,000万円",https://type.jp/job-company/48428/
Apollon株式会社,https://apollon-inc.jp/,,,2022年1月,,https://type.jp/job-company/48451/
アマゾンジャパン合同会社【プロセスアシスタント】,https://www.amazon.co.jp/,社長 ジャスパー・ チャン,,2000年11月サービス開始,,https://type.jp/job-company/48453/
株式会社Ａｓｃｅｎｄｒｉｘ,,代表取締役 池田 好夏,27名 (一部業務委託含む),2025年,500万円,https://type.jp/job-company/48482/
株式会社アルテクス 関東支社 営業部 新宿営業所,http://www.altecs.com/,代表取締役 竹内 巧,420名,2003年9月30日,30百万円,https://type.jp/job-company/48505/
株式会社エフスリー,https://f3-company.jp/,宮田 雄太,78名（アルバイト、業務委託含む）,2014年 4月14日,2820万円,https://type.jp/job-company/48615/
株式会社アイ・テクノ,https://itechno.biz/,竹内敏雄,47名,2006年11月10日,1426万円,https://type.jp/job-company/48616/
株式会社ウィルズ,https://www.wills-net.co.jp/,代表取締役社長 CEO 杉本光生,連結従業員数：132名（2024年12月末時点）,2004年10月18日,"246,900千円（2024年12月31日現在）",https://type.jp/job-company/48621/
株式会社オープンソフト,https://soft21.jp/,久堀 雅史,65名（2026年7月現在）,2023年12月28日,1000万円,https://type.jp/job-company/48672/
株式会社イノベイションオブメディカルサービス,,代表取締役社長 伊藤 一,308名 ※2024年9月現在,1982年(昭和57年)10月16日,"2,000万円",https://type.jp/job-company/48694/
株式会社イルミナ,https://erumina.com/,代表取締役 高 鎮永,平均年齢／32歳,2015年12月4日,700万円,https://type.jp/job-company/48708/
オレイロシステムエンジニアリング株式会社,https://www.oleilo-se.com/,代表取締役 渡邉浩久,,2025年3月,500万,https://type.jp/job-company/48860/
イオンリテール株式会社 イオンモバイル事業部,https://www.aeonretail.jp/company/gaiyo.html,代表取締役社長：古澤 康之,"71,863人（2025年2月末現在）",2008年8月21日,1億円,https://type.jp/job-company/48887/
株式会社アドバンスト・メディア【ポジションマッチ登録】,https://www.advanced-media.co.jp/,代表取締役会長兼社長 鈴木 清幸,連結282名（単体251名）（2025年12月末現在）,1997年12月,"69億3031万円（18,392,724株）（2025年12月末現在）",https://type.jp/job-company/48916/
株式会社アイサット,https://www.aisatt.co.jp/,代表取締役社長 萬歳 浩一郎,80名（2024年9月時点）,2021年8月,3000万円,https://type.jp/job-company/49121/
株式会社アルカナ,https://alcana.co.jp/,代表取締役 安達 佳昭,25名,2019年10月1日,"10,000,000円",https://type.jp/job-company/49152/
株式会社SI,https://si-inc.jp/,代表取締役 相場広大,,2020年12月,"5,000,000円",https://type.jp/job-company/49158/
オールブルー株式会社,https://all-blue.co.jp/,代表取締役 佐藤 涼太,23名,2023年1月,,https://type.jp/job-company/49169/
株式会社Antrace,https://antrace.jp/,代表取締役 堀 薫,304名（業務委託含む／2025年12月現在）,2021年,3000万円,https://type.jp/job-company/49189/
株式会社アスティ,https://asti-re.com/,代表取締役 佐藤 順哉,70名,2018年 2月16日,500万円,https://type.jp/job-company/49200/
株式会社ＡＱＵＡ,,,平均年齢／25歳,,,https://type.jp/job-company/49221/
株式会社RSX,https://rsx.co.jp/,代表取締役 日向 準,163名（2024年12月時点）,2019年,3000万円,https://type.jp/job-company/49236/
ＡＫプラン株式会社,https://ak-plan.jp/,田中 聖司,,平成24年12月19日,"5,000,000円",https://type.jp/job-company/49313/
株式会社RCS 採用チーム,https://www.r-c-s.jp/index.html,,151名,2018年11月,2000万円,https://type.jp/job-company/49330/
株式会社オービーエス,https://e-obs.jp/,代表取締役 鈴川 達哉,8名,昭和54(1979)年6月,,https://type.jp/job-company/49413/
ヴェオリア・ジェネッツ株式会社 関東支店 東京業務課,https://www.veolia.jp/ja,代表取締役社長 内野 一尋,"グループ連結、検針員・パートタイム労働者を含む従業員数：5,800人（正社員：2,100人）",1997年1月8日,,https://type.jp/job-company/49433/
株式会社アールケイエンタープライズ,https://www.rk-enterprise.jp/,沢田 登志雄,225名（2026年4月）,1954年（昭和29年）4月1日,"5,000万円",https://type.jp/job-company/49479/
株式会社ＡＭＥＴＨＹＳＴ,https://amethyst0226.co.jp/,代表取締役／間中 宏,,2018年2月26日,300万,https://type.jp/job-company/49488/
アイサック株式会社,https://itsac.biz,代表取締役 田中 秀典,8名,2018年12月,,https://type.jp/job-company/49510/
アルテンジャパン株式会社 北日本事業本部,https://www.alten-japan.com/,代表取締役社長 相川 修一,1595名（2025年12月時点）,1985年,5000万円,https://type.jp/job-company/49537/
株式会社イマス,https://www.imasjinzai.com/,米虫 祥多,138人,1976年,3000万円,https://type.jp/job-company/49546/
株式会社エフアンドエム,https://www.fmltd.co.jp/,代表取締役社長 森中一郎,990名（2026年3月末現在・連結）,1990年（平成2年）,"9億8,965万円（2026年3月末現在）",https://type.jp/job-company/49547/
株式会社ＥＶＥＲＹＦＯＯＤ 東京本社,https://everygroup.co.jp/ef/,代表取締役 杉浦 卓,"9,700名（2025年9月末時点）",1967年,9600万円,https://type.jp/job-company/49548/
株式会社Ｅ−ＴＨＯＳ２１,https://gold385474.studio.site/,赤星 富美夫,東京地区約100名 九州地区約15名（2026年5月現在）,2010年4月1日,"15,800千円",https://type.jp/job-company/49560/
エバーネットデータ株式会社,https://ever-net.co.jp/,代表取締役 益子 恒弘,150名（2024年4月現在）,1993年12月,1億円,https://type.jp/job-company/49561/
株式会社インファンクォーレ,https://infancuore.com/,中野 琢雄,28名,2018年9月,,https://type.jp/job-company/49562/
株式会社エム・ディー・シー,https://www.m-design.com/,代表取締役 北川 重和,8名,1995年9月,1千万円,https://type.jp/job-company/49614/
株式会社ＡＳＶＥＮＴＯ,https://www.asvento.co.jp/,代表取締役：有田 三郎,平均年齢／45歳,2017年3月7日,,https://type.jp/job-company/49625/
株式会社ＵＰメンテナンス,https://upmt.co.jp/,代表取締役 南 勇太,平均年齢／29歳,2022年5月1日,900万円,https://type.jp/job-company/49634/
株式会社SCAシステム,https://www.scasys.co.jp/,代表取締役 駒田 康一,,2011年8月,1000万円,https://type.jp/job-company/49648/
エムエスアイコンピュータージャパン株式会社,https://jp.msi.com/index.php,代表取締役 林文通,"グループ合計：5,000人 ／単体：104人（2026年7月現在）",1999年1月21日,"2,000万円",https://type.jp/job-company/49651/
株式会社アズスタッフ,https://www.azstaff.co.jp/,代表取締役／小林 周一,323名（26年6月現在）,2011年8月15日,"2,600万円",https://type.jp/job-company/49669/
株式会社ＳＧＭ,https://www.sgm-el.co.jp/,成田 隆治,9名,2022年8月,"1,000,000円",https://type.jp/job-company/49676/
株式会社エー・アイ・エムスタッフ,https://www.aimstaff.co.jp,代表取締役 新井 則明,31名,1988年1月18日,"2,120万円",https://type.jp/job-company/49678/
株式会社Ｗｅ京成,https://www.keicc.co.jp/,岡 匡一,,1967年3月,"4,000万円",https://type.jp/job-company/49687/
株式会社アイティーブレーン,https://it-brn.com/,伊藤聡郎,150名（2026年4月1日現在）,2002年(平成14年)4月4日,"1,000万円",https://type.jp/job-company/49708/
株式会社OS,https://osos.jp/,小澤悠潔,,2024年1月,,https://type.jp/job-company/49726/
Ｅ共済株式会社,https://e-kyosai.co.jp/,坂手 量彦,50人,1988年4月,"1,000万円",https://type.jp/job-company/49727/
株式会社エヌ・エイ・シー,https://www.nac-plus.co.jp/,代表取締役 花岡 愼,143名,2011年03月,"48,306,665円（FPTジャパンホールディングス 100％出資）",https://type.jp/job-company/49746/
株式会社ＡＧＥ ｔｅｃｈｎｏｌｏｇｉｅｓ,https://age-technologies.co.jp/,塩原 優太,23名,2018年3月,1億円,https://type.jp/job-company/49748/
株式会社アール・エー・キュー,https://www.raq.co.jp/,代表取締役 山内 雅之,35名（グループ総数 50名）,2006年12月,"2,000万円",https://type.jp/job-company/49757/
オムロン株式会社 【東証プライム上場】,https://www.omron.com/jp/ja/,代表取締役社長 CEO 辻永 順太,オムロングループ：26050人（国内：11430人 海外：14620人） ※2026年3月末時点,1948年（昭和23年）5月19日,641億円,https://type.jp/job-company/49766/
株式会社アルプス商事,https://alps-g.co.jp/,福壽谷 信江,230名,1966(昭和41)年4月,"2,000万円",https://type.jp/job-company/49783/
株式会社ＥＭＡコンサルティング,https://www.ema-tokyo.co.jp/,桒原 英二,9名（2026年8月時点）,2019年,"1,000万円",https://type.jp/job-company/49785/
株式会社IBERIS,https://iberis.infosite.jp/,代表取締役CEO 舟本 翔一,平均年齢／27歳,2025年3月,,https://type.jp/job-company/49796/
アステッキホールディングス株式会社,https://www.astick0115.com/,代表取締役社長 岩谷嘉仁,26名,平成22年10月 （法人登記：平成27年1月15日）,"1,000万円",https://type.jp/job-company/49802/
合同会社Willmate,https://www.willmates.com/,内田 澄人,10名,2023年12月,500万,https://type.jp/job-company/49806/
株式会社IYABI,https://iyabi2024.com/,代表取締役 又賀 皐月,,2024年1月30日,,https://type.jp/job-company/49821/
株式会社ウェルネステック,https://wellness-tech.net/,代表取締役社長 松浦海斗,,2026年6月1日,358万円,https://type.jp/job-company/49833/
ＡＢアコモ株式会社 ラ・ジェント・ホテル東京ベイ,https://lagent.jp/tokyo-bay/,支配人 小嶺 憲司,約30名,2016年12月,,https://type.jp/job-company/49847/
株式会社アイティークロス,,代表取締役 大塚 邦弘,男女比／男性77％：女性23％,2015年4月23日,"1,000万円",https://type.jp/job-company/49849/
株式会社Ｓ－ＴＥＫＴ,https://s-tekt.com/,清水 孝弘,26名（2025年10月現在）,平成5年6月,"3,000万円",https://type.jp/job-company/49873/
株式会社アダムスコミュニケーション,https://www.aaa.co.jp/,代表取締役社長 依田 哲也,120名,昭和54年（1979年）,"87,700,000円",https://type.jp/job-company/49909/
株式会社アイエスエフネット 第二新卒・未経験採用部門,https://www.isfnet-services.com/,代表取締役 渡邉 幸義,"国内：2,528名（グループ2,757名） 、国外：韓国100名・中国5名・シンガポール1名",2000年1月12日,1億円,https://type.jp/job-company/49910/
イーパートナーズ株式会社,https://epartners-offshore.com/,代表取締役社長：小松 高子,49名,2010年,5000万円,https://type.jp/job-company/49915/
Arcxia株式会社,,代表取締役：吉岡 哲也,,1975年,"1,000万円",https://type.jp/job-company/49965/
コムテック株式会社,https://www.ct-net.co.jp/,代表取締役社長：伊倉 宏英,"正社員1,135名 契約社員・スタッフ社員: 608名(年間平均) ※単体",創立1976年11月6日、設立2014年10月6日,3億1000万円,https://type.jp/job-company/712/
コムチュア株式会社（東証プライム上場企業）,http://www.comture.com,代表取締役 社長執行役員 亀井 貴裕,"2,129名（2026年4月1日時点、役員および派遣社員含む）",1985（昭和60）年1月18日,"1,022百万円（2025年3月31日）",https://type.jp/job-company/2335/
際コーポレーション株式会社（KIWA CORPORATION）,http://www.kiwa-group.co.jp/,代表取締役 中島 武,"1,249名（2025年10月31日）",1990年12月7日,1億円,https://type.jp/job-company/2468/
株式会社ぐるなび （東証スタンダード上場）,http://www.gnavi.co.jp/,代表取締役社長 杉原 章郎,単体 873名 連結 956名（2026年3月16日現在）,1989年10月2日（会社設立）2000年2月29日（株式会社ぐるなび発足）,100百万円（2026年3月16日現在）,https://type.jp/job-company/3053/
株式会社カクヤス『なんでも酒や カクヤス』,http://www.kakuyasu.co.jp/,代表取締役社長 佐藤 順一,"3,644名※パート・アルバイト含む（2017年3月末時点）",1982年6月15日（創業：1921年11月1日）,1億円,https://type.jp/job-company/9555/
株式会社キャリアデザインセンター メディアシステム統括局,https://cdc.type.jp/,代表取締役社長兼会長 多田 弘實,768名（2025年9月30日現在）,1993年7月8日,"5億5,866万円",https://type.jp/job-company/10309/
コムシス情報システム株式会社【東証プライムグループ】,https://www.comjo.co.jp/,代表取締役社長 森木 哲朗,"1,461名（連結）（2026年3月末時点）",2009年4月1日,4億5000万円,https://type.jp/job-company/10724/
株式会社キャリアデザインセンター 社員サポート本部【東証プライム上場企業】,http://cdc.type.jp/recruit/,代表取締役社長兼会長 多田 弘實,768名（2025年9月30日現在）,平成5年7月8日,"5億5,866万円",https://type.jp/job-company/13652/
神奈川ダイハツ販売株式会社,https://kanagawa.dd.daihatsu.co.jp/,取締役社長 清水祐輔,865名（2024年4月時点）,1927（昭和2）年9月,"5,000万円",https://type.jp/job-company/13716/
株式会社グロービス,http://www.globis.co.jp/,堀 義人,1004年（2025年4月1日時点）,1992年8月,,https://type.jp/job-company/14094/
株式会社グローアップ,http://grow-up1.co.jp/,代表取締役社長 加藤佑基,50名,2008年2月27日,,https://type.jp/job-company/15075/
株式会社クラフト,https://www.craft-group.jp/,代表取締役 加藤 博久,従業員数連結 195人 (2026年4月時点),1989年(平成元年)4月3日,1185万円,https://type.jp/job-company/15149/
株式会社カカクコム 渋谷オフィス,http://corporate.kakaku.com/,代表取締役社長/村上 敦浩,連結:1432名（2025年9月末現在）※取締役、契約社員、派遣社員及びアルバイトを除く従業員ベース,1997年12月（平成9年12月）,916百万円（2025年9月末 現在）,https://type.jp/job-company/16061/
株式会社敬相,http://www.k-ai.co.jp/,代表取締役 櫛田 祐造,105名（令和8年4月現在／グループ会社含む）,1984年5月1日,5000万円,https://type.jp/job-company/16472/
株式会社神戸製鋼所,http://www.kobelco.co.jp/,代表取締役社長 勝川 四志彦,,1911年6月28日（創立1905年9月1日）,,https://type.jp/job-company/17101/
株式会社キャリアデザインセンター type転職エージェント事業部,http://cdc.type.jp/recruit,代表取締役社長兼会長 多田 弘實,768名（2025年9月30日現在）,平成5年7月8日,"5億5,866万円",https://type.jp/job-company/17164/
株式会社コプロコンストラクション【東証プライム上場コプロ・ホールディングス子会社】,https://www.copro-e.co.jp/,代表取締役 越川 裕介,"従業員数：5,224名（2026年5月時点／正社員・派遣社員含む）",2006年（平成18年）10月,3000万円,https://type.jp/job-company/17243/
株式会社コンフィデンス・インターワークス【東証グロース上場】,https://ciw.jp/,代表取締役社長／澤岻 宣之,"1,275名(2026年3月時点)",2014年8月,"5億3,592万円（2026年3月時点）",https://type.jp/job-company/17786/
株式会社カプコン,http://www.capcom.co.jp/,代表取締役社長 最高執行責任者／辻本 春弘,"2,832名",1979年(昭和54年) 5月30日,332億39百万円,https://type.jp/job-company/18407/
クロノス株式会社【東証プライム上場企業ピー・シー・エー(株)グループ】,https://www.xronos-inc.co.jp/,代表取締役社長 大牧 充,144名（パート含む）：2026年4月1日現在,2011年5月6日,"6,000 万円",https://type.jp/job-company/19634/
株式会社神戸製鋼所【ポジションマッチ登録】,http://www.kobelco.co.jp/,代表取締役社長 勝川 四志彦,,1911年6月28日（創立1905年9月1日）,,https://type.jp/job-company/19869/
ＫＤＤＩ Ｂｉｚ Ｅｄｇｅ株式会社,https://www.kddimatomete.com/,代表取締役社長 落合 孝之,,2011年2月15日,10億円,https://type.jp/job-company/20040/
株式会社 ケー・エー・シー,http://www.kacnet.co.jp/,代表取締役社長：北村 典,736名（うち派遣や出向など受入社員21名）,1978年11月1日,"3,500万円",https://type.jp/job-company/20444/
株式会社キャリアデザインセンター IT派遣事業部「type IT派遣」【派遣登録】,http://it-partners.type.jp/,代表取締役社長兼会長：多田 弘實,835名（2024年9月30日現在）,1993年7月8日,"5億5,866万円",https://type.jp/job-company/20888/
クラウドエース株式会社,https://cloud-ace.jp/,代表取締役社長 兼 会長 吉積 礼敏,,2016年11月,1億円,https://type.jp/job-company/23388/
国際マネジメントシステム認証機構株式会社,https://www.icms.co.jp/,代表取締役社長 上野 洋一,,1999年,2000万円,https://type.jp/job-company/23446/
株式会社grasys（グラシス）,https://www.grasys.io/,長谷川祐介,45名（2026年1月時点）,2014年11月13日,,https://type.jp/job-company/26187/
株式会社久世【東証スタンダード上場】,https://www.kuze.co.jp/,代表取締役社長／久世 真也,連結：649名（2026年3月31日現在） 単体：395名（2026年3月31日現在）,1950年（昭和25年）1月 ＜創業：1934年（昭和9年）4月＞,1億円,https://type.jp/job-company/27563/
コンピュータ・ハイテック株式会社,https://www.cht.co.jp/recruit/,代表取締役社長 田口 壮一朗,80名（2026年6月）,1984年12月18日,1億円,https://type.jp/job-company/29585/
株式会社グリームオーブ,https://www.gleamorb.co.jp/,代表取締役／細川 尚史,31名,2016年3月,"3,000万円",https://type.jp/job-company/29835/
株式会社キャップインフォ,https://www.capinfo.co.jp/,代表取締役 森田 亘,40名,2004年3月31日,2000万円＋準備金1000万,https://type.jp/job-company/33342/
環境スペース株式会社,https://www.soundzone.jp/,代表取締役／嶺島 伸治,40名,2003年9月,"3,000万円",https://type.jp/job-company/33434/
株式会社グッドワークス,https://www.good-works.co.jp/,代表取締役 須合 憂,297人,2007年1月,"5,000万円",https://type.jp/job-company/35641/
カゴメ株式会社,https://www.kagome.co.jp/,代表取締役社長 奥谷 晴信,"3,253名(2025年12月期時点) ※過去3年間のキャリア入社の割合：32%",創業／1899年（明治32年）、設立／1949年（昭和24年）,"199億8,500万円",https://type.jp/job-company/36343/
gooMet合同会社,https://goomets.com,菊地 淳,中途入社者の割合／100%,2016年10月,,https://type.jp/job-company/36513/
キャル株式会社,https://www.cal.co.jp/,代表取締役社長 前田 明,"3,279名（2026年8月1日時点）",1990年2月,1億円,https://type.jp/job-company/36609/
神奈中タクシー株式会社,https://kanachu-taxi.co.jp/,代表取締役社長 金子 茂浩,1943人,2009年9月1日,"100,000千円",https://type.jp/job-company/37823/
株式会社クリア,https://clear-inc.site/,代表取締役 笠原 拓馬,単体455名 連結547名 ※2026年6月1日現在,2019年1月29日,1億円,https://type.jp/job-company/38275/
株式会社ＧＥＮＴＥＮ,https://genten-group.co.jp/,代表取締役 阿部 正和,,2019年3月3日,,https://type.jp/job-company/38906/
株式会社銀座コージーコーナー,https://www.cozycorner.co.jp/,代表取締役社長 庄野 和彦,"社員数：641名 契約社員・パート・アルバイト：約2,900名 2026年4月1日付人数",1948年1月,4910万4千円,https://type.jp/job-company/39152/
株式会社クリスタルジャパン,https://www.crystal-jp.co.jp/,代表取締役：浦木 太郎（ウラキ タロウ）,44人,1990年10月30日,"5,500万円",https://type.jp/job-company/39171/
株式会社ココロザシ,https://www.kokorozashi-japan.co.jp/,代表取締役 木村 多可志,144名（2026年7月時点）,2019年7月,500万円,https://type.jp/job-company/39196/
株式会社クリエーション・ビュー,https://www.cview.co.jp/,代表者 山田 健二,190名,1990年8月24日,3000万円,https://type.jp/job-company/39279/
ＣＯＮＦＩＴ株式会社,https://confit22.com/,代表取締役 前田 知広,60名,2022年2月,500万円,https://type.jp/job-company/39690/
株式会社キャリアデザインセンター MK事業部【東証プライム市場】,https://cdc.type.jp/,代表取締役社長兼会長 多田 弘實,768名（2025年9月30日現在）,1993年7月8日,5億5866万円,https://type.jp/job-company/41038/
コクヨ株式会社【ポジションマッチ登録】,https://www.kokuyo.co.jp/,代表執行役社長 黒田 英邦,"連結 6,931名、単体 2,142名（2023年12月末現在）",1905年（明治38年）10月,158億円,https://type.jp/job-company/41471/
クイック・ネットワーク株式会社,https://quicknetwork.co.jp/,代表取締役社長 田畑 翔利,196名,2015年2月,1億円,https://type.jp/job-company/41667/
クラリファイ株式会社,https://clarify.co.jp/,西田 陸人,,2023年7月18日,2500万円,https://type.jp/job-company/42038/
カンダリテールサポート株式会社【東証スタンダード上場グループ】,https://kanda-cashnet.jp/,代表取締役 田中 道也,483人（2024年3月実員ベース）,2019年11月1日 （創業1994年6月）,"8,000万円",https://type.jp/job-company/42227/
かながわ就職氷河期世代等活躍支援事務局,https://www.pref.kanagawa.jp/osirase/0607/kanagawa-shushoku/,,,2026年4月：令和8年度「かながわ就職氷河期世代等活躍支援プロジェクト」開始,,https://type.jp/job-company/42730/
株式会社コントラフト キャリアコンサルティング事業部【上場グループ】,https://contraft.co.jp/,代表取締役 瀬合 康介,グループ連結：3812名（2024年10月時点） 単体：15名（2024年10月時点）,2021年10月1日,2500万円,https://type.jp/job-company/42970/
京葉エンジニアリング株式会社,https://keiyo-e.co.jp/,代表取締役 浅子 格,7名,1984年(昭和59年)6月,2000万円,https://type.jp/job-company/43568/
株式会社ＣＡＩＲＮ,https://www.cair-n.co.jp/,代表取締役 川嵜 大樹,180名（2026年7月時点）,2019年10月,"1,000万円",https://type.jp/job-company/43733/
株式会社QOL,https://qol-system.co.jp/,代表取締役社長 石橋 祐二郎,30名,2020年01月,1000万円,https://type.jp/job-company/43814/
株式会社コーセー,https://corp.kose.co.jp/ja/,代表取締役社長 田中慎二,,1946年,,https://type.jp/job-company/44242/
株式会社ＣＯＲＥ ＣＯＤＥ,https://core-code.co.jp/,大塚 忍,150名※グループ会社含め1040名（2026年6月時点）,2022年11月10日,,https://type.jp/job-company/44532/
株式会社ケンブリッジ・コンサルティング,https://cambridgeconsulting.co.jp/,代表取締役 畑下 凪・小澤 宏明,163名,2019年,710万円,https://type.jp/job-company/45704/
株式会社カカクコム【ポジションマッチ登録】,http://corporate.kakaku.com/,代表取締役社長/村上 敦浩,"連結1,446名（2025年6月末現在）※取締役、契約社員、派遣社員及びアルバイトを除く従業員ベース",1997年12月（平成9年12月）,916百万円（2025年6月末現在）,https://type.jp/job-company/45949/
株式会社キャリアデザインセンター 人材紹介事業部（登録促進課）,http://shoukai.type.jp/,代表取締役社長兼会長 多田 弘實,662名（2021年9月30日現在）,平成5年7月8日,5億5866万円,https://type.jp/job-company/45997/
株式会社キャリアデザインセンター ｔｙｐｅ転職エージェント事業部,https://type.career-agent.jp/,多田 弘實,835人（2024年9月30日現在）,平成5年7月8日,,https://type.jp/job-company/46002/
株式会社カンゲンエージェント,https://kangen-agent.com/,代表 伊藤 大輝,152名(一部業務委託含む),2024年1月,"5,000,000円",https://type.jp/job-company/46210/
株式会社キャリアデザインセンター IT派遣事業部【派遣登録】,http://it-partners.type.jp/,代表取締役社長兼会長：多田 弘實,835名（2024年9月30日現在）,1993年7月8日,"5億5,866万円",https://type.jp/job-company/46318/
株式会社カメラのキタムラ 店舗事業部【カメラのキタムラ】,http://www.kitamura.jp/,代表取締役社長／福本 和宏,"6,374名 うち、社員2,007名 グループ全体6,991名 ※2024年3月末現在",創業：2024年（令和6年）4月（親会社創業：1934年3月）,1億円,https://type.jp/job-company/46592/
有限会社河野牛豚肉店,http://nikunokouno.com/,代表取締役 河野 勉,23名（アルバイト・パート含む）,昭和42年11月15日,"3,000,000円",https://type.jp/job-company/47075/
株式会社グラディート,https://www.gradito.co.jp/,代表取締役 池邊 和孝,,2022年12月12日,"1,000万円",https://type.jp/job-company/47135/
ケイプラス株式会社,http://kpls.jp/,代表取締役 清原 美秋,,2009年2月13日,"1,000万円",https://type.jp/job-company/47271/
株式会社カメラのキタムラ,http://www.kitamura.jp/,代表取締役社長／福本 和宏,"6,374名 うち、社員2,007名 グループ全体6,991名 ※2024年3月末現在",創業：2024年（令和6年）4月（親会社創業：1934年3月）,1億円,https://type.jp/job-company/47344/
株式会社クロサワエンジニアリング 本牧営業所,https://www.9630-engineering.jp/,代表取締役 黒澤 哲,700名,1966年10月3日,"4,350万円",https://type.jp/job-company/47374/
株式会社ＣＡＲＡＶＥＬ,https://caravel-ltd.com/,大池 啓生,,2022年7月15日,,https://type.jp/job-company/47498/
株式会社グッドフィールドアンドカンパニー,https://www.goodfield.co.jp/,代表取締役社長 吉野 久,147名（2026年3月1日現在）,1998年9月14日,3000万円,https://type.jp/job-company/47499/
株式会社クイック,https://919.jp/,代表取締役社長 川口 一郎,"2,133名（2026年4月1日現在）※グループ実績",1980年9月,"3億5,131万円（2025年3月31日現在）",https://type.jp/job-company/47606/
株式会社コーセー【ポジションマッチ登録】,https://corp.kose.co.jp/ja/,代表取締役社長 田中慎二,,1946年,,https://type.jp/job-company/47642/
キオクシア岩手株式会社,https://www.kioxia-iwate.co.jp/,代表取締役社長 柴山 耕一郎,2200名程度,2017年12月25日,"1,000万円",https://type.jp/job-company/47731/
GLOBA株式会社,https://globa.info/,代表取締役 塚本 亘,,2015年5月11日,"110,000,000円",https://type.jp/job-company/47807/
コインタックス株式会社,https://coin-tax.net/company/,田辺 拓也,91名,2018年4月26日,"1,000万円",https://type.jp/job-company/48033/
株式会社Good Lab,https://goodlab.co.jp/,代表取締役 羽田晋一郎,25名（業務委託含む）,2021年12月,"2,000万円",https://type.jp/job-company/48274/
カルペ・ディエム合同会社,https://www.carpe-d.jp/,,,2021年9月28日,"39,000,000円",https://type.jp/job-company/48279/
株式会社かなめ,https://www.kana-me.co.jp/about.html,代表取締役 中村財蔵,4名,2012年(平成24年)12月25日,250万円,https://type.jp/job-company/48380/
株式会社広済堂ビジネスサポート【東証プライム上場 広済堂ホールディングス】,https://www.kosaido-biz.co.jp/,代表取締役 鉢呂 耕一,,2011年11月25日,1億円 (株式会社広済堂ホールディングス 100％出資),https://type.jp/job-company/48536/
こぶし建設株式会社,https://kobushi-construction.co.jp/,代表取締役社長 長谷田 貴裕,57名（2026年7月時点）,1948年,8000万円,https://type.jp/job-company/48540/
倉商株式会社,https://www.kurasho-group.co.jp,尾形 功,55名,1973年5月,"9,000万円",https://type.jp/job-company/48662/
協和警備保障株式会社 千葉支社,https://www.kyowakeibi.co.jp/,取締役会長 福田 誠子／代表取締役 小宮 武之,"2,100名 (令和6年6月現在)",昭和49年5月17日,"2,000万円",https://type.jp/job-company/48677/
株式会社クラシアン,https://www.qracian.co.jp/,代表取締役会長 兼 社長 今田 健治,"1,408名（2025年9月現在）",1991年6月21日,1億円,https://type.jp/job-company/48823/
株式会社Ｃａｄｄｉｅ,https://caddie.co.jp/,山村 大地,25名,2018年7月,"2,500,000円",https://type.jp/job-company/48875/
株式会社北の達人コーポレーション,,＜代表取締役社長＞木下 勝寿,259名（2026年2月28日現在）,2002年5月（創立2000年5月）,2億7399万円（2026年2月28日現在）,https://type.jp/job-company/48968/
共進運輸株式会社,https://kysnet.co.jp/,代表取締役社⻑ 髙橋幸司,894名(グループ企業アルバイト・パートを含む),1977年7月18日,9000万円,https://type.jp/job-company/48981/
株式会社カオナビ【ポジションマッチ登録】,https://corp.kaonavi.jp/,代表取締役社長 CEO 佐藤 寛之,,2008年5月27日,1億円 ※2025年6月末時点,https://type.jp/job-company/48998/
株式会社Ｃｒａｎｅ＆Ｉ,https://crane-i.co.jp/,代表取締役 遠藤健太,195名(2026年4月時点),2014年5月1日,1億円,https://type.jp/job-company/49025/
株式会社GORACREW,https://goracrew.co.jp/,代表取締役 橋爪 司(チャーリー),76名（2025年12月現在）,2019年4月,"1,000万円",https://type.jp/job-company/49075/
共立建設株式会社 花畑事業所,https://kyoritsu-kensetsu.co.jp/,代表取締役 瀬口 維,200名,1987年11月4日,2250万円,https://type.jp/job-company/49086/
Ｃｏｔｏｆｕｒｅ株式会社,https://www.cotofure.com/,代表取締役社長CEO 髙橋 豊志,21名,2015年6月8日,"200,219,443円（資本準備金含む）",https://type.jp/job-company/49089/
株式会社GreanTech,,代表取締役 小西 龍,,2020年11月11日,"1,000,000円",https://type.jp/job-company/49242/
株式会社キューブエッジ,https://www.cubeedge.com/,代表取締役 菅野 徹,,2011年（平成23年）5月6日,"10,000,000円 （2015年8月末現在）",https://type.jp/job-company/49283/
株式会社カワタキコーポレーション,https://www.kawataki.co.jp/,代表取締役社長 川端 健嗣,正社員115名、パート1498名 (2026年1月現在),創業：1912年4月 設立：1952年2月,1億円,https://type.jp/job-company/49375/
株式会社グリーンテック,https://www.green-t.co.jp/,中島将貴,"3,196名 (2026年3月31日現在)",1996年10月,"5,000万円",https://type.jp/job-company/49406/
株式会社光陽テクノサービス,https://koyotechs.com/,代表取締役 安田 秀一,,2013年8月,"1,100万円",https://type.jp/job-company/49456/
株式会社ガリレオ,https://www.gally-tech.com/,代表取締役社長 定松 秀明,202名,1997年,1000万円,https://type.jp/job-company/49465/
株式会社コアシンク,https://www.coresync.co.jp/,結城正和,110名,2009年8月,"10,000,000円",https://type.jp/job-company/49467/
カコムス株式会社/カコムスSIT株式会社/株式会社デジタルグロー【合同募集】,https://www.kacoms-hd.co.jp/,代表取締役 清水 卓,644名（2026年4月1日時点／グループ計）,1971年7月7日,"9,500万円",https://type.jp/job-company/49524/
株式会社キーマネジメントソリューションズ,http://www.kyms.co.jp/index.html,代表取締役社長 丸山 一典,300名（グループ関連会社含め410名）,2004年4月,40百万円,https://type.jp/job-company/49552/
株式会社クレストリアルティ,https://crestrealty.jp/,尾方 福太朗,,2026年1月23日,500万円,https://type.jp/job-company/49575/
銀平グローバル株式会社,https://ginpei-global.com/,代表取締役 福澤雅弘,平均年齢／34歳,2011年7月,1000万円,https://type.jp/job-company/49582/
独立行政法人経済産業研究所,https://www.rieti.go.jp/jp/,理事長 深尾 京司,97名,2001年4月,,https://type.jp/job-company/49590/
株式会社クロスパワー,https://www.x-power.co.jp/,代表者／大江 龍介,250名,2006年10月2日,"5,000万円",https://type.jp/job-company/49607/
株式会社グリーンテック エンジニアリングソリューション事業部,https://www.green-t.co.jp/,代表取締役社⻑ 中島 将貴,"3,196名（2026年3⽉末現在）",1996年10月,5000万円,https://type.jp/job-company/49630/
株式会社ＫＯＫＵＳＡＩ ＥＬＥＣＴＲＩＣ【東証プライム上場】,https://www.kokusai-electric.com/,代表取締役 社長執行役員 塚田 和徳,"個別：1,193名 （2026年3月31日時点） 連結：2,609名 （2026年3月31日時点）",2017年2月2日,"141億3,900万円 （2026年3月31日時点）",https://type.jp/job-company/49668/
株式会社グランドセレモニー,https://www.grandsougi.co.jp/,代表取締役 杉山 章,13名（2026年7月時点）,2010年,1000万円,https://type.jp/job-company/49684/
株式会社ＣＲＥＳＴ,https://crest-ysr.com/,代表取締役 五十嵐 龍也,24名 ※2026年1月時点,2023年9月8日,"1,000,000円",https://type.jp/job-company/49693/
株式会社グリーンテック エンジニアリングソリューション事業部 豊田事業所,https://www.green-t.co.jp/,代表取締役社長 中島 将貴,"3,196名 (2026年3月31日現在)",1996年10月,"5,000万円",https://type.jp/job-company/49756/
京成バス東京株式会社,https://www.keiseibus.co.jp/company/,代表取締役 檜山雅紀,694名（乗務員：585名）,2000年7月,"6,000万円",https://type.jp/job-company/49769/
株式会社協栄,https://www.kyoei-corp.com/,代表取締役 山田賢治,"2,945名",昭和39年5月1日（1964年5月1日,"97,500,000円",https://type.jp/job-company/49842/
株式会社共立メンテナンス,http://www.kyoritsugroup.co.jp/,代表取締役社長 中村 幸治,"6,614名（連結）※2026年3月末現在",1979年 9月27日,"229億7,100万円 ※2026年3月末現在",https://type.jp/job-company/49921/
株式会社神奈中システムプラン【ミスタードーナツ/ドトールコーヒーショップFC加盟店】,https://kanachu-sp.co.jp/,代表取締役社長 稲葉 琢也,800名（2026年8月1日現在）,1997年10月1日,"1,000万円",https://type.jp/job-company/49966/
合同会社キャリア＆パートナーズ,https://www.career-and-partners.jp/index.html#hero,入江光俊,約20名,2026年4月,,https://type.jp/job-company/49973/
株式会社システナ【東証プライム市場上場企業】,https://www.systena.co.jp/,代表取締役会長 逸見 愛親,"単体：4,146名／連結：5,812名（2026年7月1日現在）",1983年(昭和58年)3月,"15億1,375万円（2026年7月1日現在）",https://type.jp/job-company/1060/
株式会社スタッフサービス エンジニアリング事業本部,https://www.staffservice-engineering.jp/,代表取締役社長 阪本 耕治,"19,944人（2026年3月時点）",2001年12月,5億円,https://type.jp/job-company/2111/
株式会社ジェットシステム,http://www.jetsystem.co.jp/,代表取締役社長 木村 和弘,グループ総数629名（2026年5月31日現在）,1988年8月6日,"1億8,000万円",https://type.jp/job-company/9147/
株式会社サウンドテクニカ,https://www.s-tech.co.jp/,代表取締役 高橋仲美,280名（2026年7月時点）,1980年6月,1000万円,https://type.jp/job-company/11767/
株式会社スクウェア・エニックス,http://www.jp.square-enix.com/,代表取締役社長 桐生 隆司,,2008年（平成20年）10月1日,15億円,https://type.jp/job-company/13212/
株式会社小学館ミュージック＆デジタルエンタテイメント,https://www.smde.co.jp/,代表取締役社長 浅井認,119名（男性68名 女性51名）※2026年4月1日時点,1998年8月3日,1000万円,https://type.jp/job-company/14153/
サンウエストホーム株式会社,http://www.sunwesthome.co.jp/,代表取締役社長 西野入 茂,,2012年（平成24年）7月2日,"9,800万円",https://type.jp/job-company/15637/
サイボウズ株式会社,http://cybozu.co.jp/,代表取締役社長 青野 慶久,"1,356名（2025年12月末 連結）",1997年8月8日,6億1300万円,https://type.jp/job-company/15785/
株式会社スタッフサービス オフィス事業本部 ミラエール推進部,http://www.022022.net/promotion/career/index.html,阪本 耕治,"5,784名（2026年4月1日時点） ※グループ全体",1981年11月29日,5億円※グループ全体,https://type.jp/job-company/16274/
株式会社セルム,http://www.celm.co.jp/,代表 加島 禎二,187名（24年03末時点）,2016年11月1日 （創業 1995年12月22日）,1億円,https://type.jp/job-company/18760/
ジャパンメディアシステム株式会社,https://www.jm-s.co.jp/,代表取締役CEO／中野 慎二,平均年齢／42.5歳,1984年8月,"4,900万円",https://type.jp/job-company/18829/
日月東交通株式会社,http://www.nichigetsu.fuji-group.jp/,,,1951年5月,"2,620万円",https://type.jp/job-company/19184/
スターシステムズ株式会社,http://starsystems.co.jp/ja/,Victor Shvetsky（シベツキー・ビクター）,20名（2026年6月 現在）,1998年8月,1000万円,https://type.jp/job-company/19653/
スカイライトコンサルティング株式会社,http://www.skylight.co.jp,代表取締役／羽物 俊樹,166名（2025年4月現在）,2000年3月10日,1億8200万円,https://type.jp/job-company/20008/
株式会社 システム・リノベイト,https://www.system-renovate.co.jp,代表取締役社長 佐田 浩志,82名（2025年7月時点）,2013年5月14日（平成25年）,"20,000,000円",https://type.jp/job-company/20063/
株式会社Speee,http://speee.jp/,代表取締役 大塚 英樹,,2007年11月29日,"2,906,030千円（2025年9月30日付）",https://type.jp/job-company/20697/
株式会社ゼロベース,https://www.zerobase.co.jp/,代表取締役 伝宝 悠,,2014年9月,,https://type.jp/job-company/21666/
Sansan株式会社,http://jp.corp-sansan.com,代表取締役社長／CEO／CPO 寺田 親弘,"単体1,979名（2025年11月30日時点）／連結2,266名（2025年11月30日時点）",2007年（平成19年）6月11日,72億91百万円（2025年11月30日時点）,https://type.jp/job-company/22379/
株式会社ＧＦＤ,http://www.gf-design.jp/,代表取締役 横溝 芳郎,53名,2008年1月,3000万円,https://type.jp/job-company/22579/
株式会社全日警 横浜支社,https://www.zennikkei.co.jp/,代表取締役社長 片岡 由文,4892人,1966年（昭和41年）10月8日,4億9428万円,https://type.jp/job-company/23062/
株式会社セキュアソフト,https://www.securesoft.co.jp/,代表取締役社長／姜 昇旭,"グループ全体 2,050名（2025年4月現在）",2002年8月30日,"8,850万円",https://type.jp/job-company/24932/
株式会社さくらインベスト,https://sakura-inv.com/,代表取締役 服部 美月,54名（2026年4月時点）,2010年 10月,1億円,https://type.jp/job-company/25015/
株式会社システムリファレンス,https://www.sysref.co.jp/,代表取締役 戸田 一隆,23名,1991年3月19日,"1,300万円",https://type.jp/job-company/25379/
株式会社損害保険リサーチ,https://www.sonpo-r.co.jp/,代表取締役社長 菅野 道生,"1,609名（2026年4月1日時点）【社員393名／業務委託（調査、鑑定等含む）1,216名】",1973年(昭和48年)10月,1億円,https://type.jp/job-company/25411/
セキュアエッジ株式会社,https://www.secureedge.jp/,代表取締役 西島 正憲,73名(グループ会社含む),2015年6月,"10,000,000円",https://type.jp/job-company/25956/
株式会社全国試験運営センター,https://www.nexa.co.jp/,代表取締役社長 都築 成幸,145名,2003年6月2日,7500万円,https://type.jp/job-company/26488/
株式会社全日警サービス神奈川【全日警グループ】,http://www.anssk.co.jp/,代表取締役／大植 康臣,170名（2020年1月時点）,1999年6月,1800万円,https://type.jp/job-company/26671/
SB C&S株式会社,https://cas.softbank.jp/,代表取締役社長 兼 CEO 草川 和哉,"2,126名",2014年4月1日,5億円,https://type.jp/job-company/27167/
株式会社美光商会,https://bikoushoukai.jp/,代表取締役会長 藤枝 勝,230名（2026年4月現在）,1987年8月28日,,https://type.jp/job-company/27824/
セントラル警備保障株式会社 横浜支社,http://www.we-are-csp.co.jp/,代表取締役執行役員社長 市川 東太郎,約7000名,1966年3月10日,"29億2,400万円",https://type.jp/job-company/28373/
株式会社白井商事／株式会社アスリート【合同募集】,,代表取締役 白井 慶太,22名（2026年7月現在）【白井商事】／8名【アスリート】,1966年12月（創業1961年8月）【白井商事】／2000年12月【アスリート】,"1,000万円【白井商事】／1,000万円【アスリート】",https://type.jp/job-company/28481/
湘南技術センター株式会社,https://www.shonan-gijyutsuc.co.jp/,代表取締役 武部 昭彦,140名,1974年12月,"5,000万円",https://type.jp/job-company/28906/
Zero Networks株式会社,http://www.zeronetworks.co.jp/company/,神寳 裕士,平均年齢／30.5歳,2015年（平成27年）11月4日,,https://type.jp/job-company/29670/
スイングバイテクノロジー株式会社,https://swingbytech.co.jp/,代表取締役 平松 孝裕,40名（2025年5月時点）,2017年4月17日,"2,000万円",https://type.jp/job-company/30649/
株式会社全日警 東京中央支社,https://www.zennikkei.co.jp/,代表取締役社長 片岡 由文,"4,892名",1966年(昭和41年)10月8日,"4億9,428万円",https://type.jp/job-company/31384/
首都圏ホーム株式会社,http://srs-group.co.jp/ / https://www.room-green.co.jp/,代表取締役 市川 裕之,60名（グループ含む）,昭和62年10月,"3,560万円",https://type.jp/job-company/31581/
株式会社サーキュレーション,https://circu.co.jp/,代表取締役社長 福田悠,248名（2025年4月末時点）,2014年1月,"8億7,790万3,000円（2025年4月末時点）",https://type.jp/job-company/31981/
株式会社ジョブズコンストラクション,https://www.jobs-c.com/,代表取締役/宇佐美 彰規,175名,2015年4月,"1,000万円",https://type.jp/job-company/34025/
株式会社Ｊ＆Ｃカンパニー,http://www.jcc-ltd.com/,代表取締役 大塚 浩文,単体：10名 連結：25名,2015年10月1日,"6,000,000円",https://type.jp/job-company/34185/
株式会社ジンテック,https://www.jintec.com/,代表取締役 柳 秀樹,約50名,1993年4月1日,"5,425万円",https://type.jp/job-company/34802/
住友不動産株式会社【東証プライム上場】,http://www.sumitomo-rd.co.jp,代表取締役社長 仁島 浩順,,1949年12月1日,"122,805百万円（2024年3月31日現在）",https://type.jp/job-company/35239/
スターソフト株式会社,https://starsoft.co.jp/,代表取締役 銭 来興,190名,2007年1月4日,"2,000万円",https://type.jp/job-company/35480/
株式会社ZELXUS（ゼルサス）,https://www.zelxus.com/,代表取締役／吉田武史,,2019年03月,"1,000万円",https://type.jp/job-company/37029/
株式会社ザ・チューブ,https://thetubegijutsu.wixsite.com/the-tube,代表取締役 谷島 裕一郎,約163名,1992年5月20日,"4,500万円",https://type.jp/job-company/38930/
システムスクエア株式会社,https://www.systemsquare.co.jp/,代表取締役社長 喜来 広司,300名（2025年4月）グループ全体450名,平成20年4月 （2008年4月）※創業,8700万円,https://type.jp/job-company/39310/
株式会社スミダパッケージ,https://www.sumida-p.co.jp/,代表取締役社長 栗田 稔昭,31名,1976年4月,"4,800万円",https://type.jp/job-company/39436/
セントラル警備保障株式会社【東証プライム上場企業】,https://www.we-are-csp.co.jp/,代表取締役執行役員社長 市川 東太郎,"3,995名（2026年2月末）",1966年3月,29億2400万円,https://type.jp/job-company/40066/
住友生命保険相互会社 東京東支社,https://www.sumitomolife.co.jp/,取締役代表執行役社長 高田 幸徳,"42,317名（職員10,406名、営業職員31,911名）（2024年度末）",1907年（明治40年）5月,,https://type.jp/job-company/40551/
株式会社三共消毒,https://sankyo-shodoku.com/,代表取締役社長 泉 敏夫,356名（2026年4月時点）★平均勤続年数12年！社員定着率は8～9割！,大正14年4月（1925年）,"6,500万円",https://type.jp/job-company/40898/
株式会社スリーエス【東証プライム上場グループ】,https://www.3-s.co.jp/,代表取締役社長 山村 直人,,昭和53年12月1日,"50,000,000円",https://type.jp/job-company/41121/
ソリューションアライブ株式会社,https://solutionalive.co.jp/biz/,代表取締役／小泉 淳,,2012年6月,800万円,https://type.jp/job-company/41352/
株式会社ＸＥＮＤＯＵ,https://xendou.co.jp/,代表取締役 大本 佳輝,,2023年6月,"2,000万円",https://type.jp/job-company/42243/
株式会社ジャコム,https://www.jacom.co.jp/,代表取締役 牧野 武志,194名（2026年4月現在）,1974年6月5日,"払込資本4,900万円／授権資本6,400万円",https://type.jp/job-company/42288/
株式会社セキュアイノベーション,https://www.secure-iv.co.jp/,代表取締役 栗田 智明,139名 ※2026年7月時点,2015年(平成27年)10月21日,"1億2,100万円（資本金1億100万円、資本準備金2,000万円）",https://type.jp/job-company/42293/
株式会社ストランザ,https://stransa.co.jp/,代表取締役 西島彰一,92名（2026年1月現在）,2013年5月15日,,https://type.jp/job-company/42799/
セントラル警備保障株式会社 東京事業部【東証上場】,https://www.we-are-csp.co.jp/,代表取締役執行役員社長 市川東太郎,3794名,1966年（昭和41年）3月10日,"29億2,400万円",https://type.jp/job-company/43103/
IBIモビリティグループ:旧ロイヤルリムジングループ<IBIモビリティ(株)/(株)Z>【合同募集】,https://z-mobility.co.jp/,代表取締役 鈴木 嘉規,,2021年5月,,https://type.jp/job-company/43212/
株式会社サンケーシステムズ,https://www.3ksystems.co.jp/index.php/info/,代表取締役 國府田 大樹,13人 (2026年8月期),2021年12月1日,"3,000,000円",https://type.jp/job-company/43320/
ソホビービー株式会社,https://www.sohobb.jp/,朱 力敏,44人(2026年4月時点),2006年4月,900万円,https://type.jp/job-company/43365/
ソラド株式会社,https://www.sorad.co.jp/,代表取締役 中嶋 諭,13名,2019年4月10日,800万円,https://type.jp/job-company/43645/
ＧＭＯメイクショップ株式会社【ポジションマッチ登録】,https://www.makeshop.co.jp/,代表取締役社長CEO 向畑憲良,199名（2026年1月31日時点）※派遣・業務委託を除く直接雇用の人数,2004年9月22日,"5,000万円",https://type.jp/job-company/43774/
ＧＭＯメイクショップ株式会社,https://www.makeshop.co.jp/,代表取締役社長CEO 向畑憲良,,2004年9月22日,"5,000万円",https://type.jp/job-company/43779/
新日本ビルメンテナンス株式会社,https://shinnihon-bm.jp/,代表取締役 西川 安樹,200名（グループ全体：1207名）,2015年4月,3000万円,https://type.jp/job-company/44068/
有限会社新陶工業,https://www.shintokogyo.co.jp/,代表取締役 関 昌弘,,2001年5月,,https://type.jp/job-company/44246/
スパイシーソフト株式会社,https://www.spicysoft.com/,代表 山田元康,,1999年11月30日,"10,000,000円",https://type.jp/job-company/44377/
セイコーソリューションズ株式会社,https://www.seiko-sol.co.jp/,代表取締役社長 関根 淳,"（単独）720名／（連結）1,795名 ※2026年4月1日現在",2012年（平成24年）12月13日,5億円,https://type.jp/job-company/44493/
C-TEC株式会社/B・TEC株式会社/S・TEC株式会社【合同募集】,https://www.ctec-ltd.com/,代表取締役 市川 雅也／代表取締役 新倉孝二／代表取締役 林田喜一郎,,2016年6月／ 2017年6月／2008年8月,"6,000,000円／ 80,000,000円／8,000,000円",https://type.jp/job-company/44540/
株式会社埼玉丸山工務所,,代表取締役 本多 広,30名,1987年10月,20百万円,https://type.jp/job-company/44762/
ゼロプライド株式会社,https://z-pride.com/,代表取締役 小國 真,120名,2019年2月15日,"20,000,000円",https://type.jp/job-company/44776/
GMOコネクトHR株式会社【GMOインターネットグループ】,https://gmo-connect-hr.jp/company/,代表取締役社長 村上 和彦,320名（2026年7月時点）,2024年6月,"1,000万円",https://type.jp/job-company/45002/
株式会社Stech&Co.,https://stech-and-co.com/,代表取締役社長 森川 剛,25名（グループ全体）,2024年9月,500万円,https://type.jp/job-company/45162/
サイネット株式会社,https://www.cynet.co.jp/,山路 熟,200名,1994年 1月,6000万円,https://type.jp/job-company/45209/
鈴与株式会社【ポジションマッチ登録】,https://www.suzuyo.co.jp/,代表取締役会長 鈴木与平 ／ 代表取締役社長 鈴木 健一郎,"1,168人（2025年8月31日現在）",創業1801年 ／ 創立1936年,10億円,https://type.jp/job-company/45329/
株式会社ジェイアール東日本企画,https://www.jeki.co.jp/,代表取締役社長 石川 明彦,"1,200人(2025年4月現在)",1988年5月9日,"15億5,000万円",https://type.jp/job-company/45379/
株式会社新電気,https://www.sindenki.co.jp/,代表取締役 西藤 輝,,1977年8月（創立1973年3月）,"3,000万円",https://type.jp/job-company/45411/
新星自動車株式会社,https://www.sinsei-t.jp/,代表取締役社長 上埜 隆太郎,208名,1953年（昭和28年）6月29日,"2,000万円",https://type.jp/job-company/45463/
新星冷蔵工業株式会社,,代表取締役社長 関 勝,,1947年4月,5420万円,https://type.jp/job-company/45473/
株式会社サンリオ,http://www.sanrio.co.jp/,代表取締役社長／辻 朋邦,"2,162名（正社員・嘱託・専任・シニア・契約・アルバイ ト含む）",1960年8月10日,"10,261百万円（2024年1月17日現在）",https://type.jp/job-company/45775/
株式会社シスコム・テクノロジー,https://sys-tc.co.jp/,代表取締役 保木本 朗,114名 (2025年2月現在),1988年6月,"1,000万円",https://type.jp/job-company/46082/
株式会社サイヨウブ,https://www.saiyoubu.co.jp/,土屋範夫,,2011年1月4日,"8,000,000円",https://type.jp/job-company/46111/
株式会社サクセスストーリー,https://success-story.co.jp/,代表取締役 小林 大祐,25名,2021年9月1日,"5,000,000円",https://type.jp/job-company/46347/
有限会社品川配ぜん人紹介所【東証グロース上場グループ】,https://shinagawa-haizen-saiyo.jp/-/top/index.html,柿崎 淳,,1970年,,https://type.jp/job-company/46400/
株式会社Ｃ３【ライト通信グループ】,https://c3-cthree.com/,代表者 竹野 和茂,530名（グループ総従業員数）,2010年11月,3億9580万円（グループ総資本金）,https://type.jp/job-company/46598/
株式会社ジーデップ・アドバンス【東証スタンダード市場】,https://www.gdep.co.jp/lp-gat/,代表取締役CEO 飯野 匡道,34名（2026年5月期）,2016年1月15日,2億9488万円,https://type.jp/job-company/46665/
株式会社Ｃ Ａｄｄｉｔｉｏｎ,https://c-addi.co.jp/,代表取締役 遠藤健太／取締役社長 村松浩介,10名,2022年10月3日,500万円,https://type.jp/job-company/46899/
有限会社さくら亭/有限会社スリーハンドレッドバー【合同募集】,https://www.sakuratei.co.jp/,有限会社さくら亭：取締役 吉崎 京子／有限会社スリーハンドレッドバー：代表者 九十九和子,有限会社さくら亭：43名（パート含む）／有限会社スリーハンドレッドバー：30名,有限会社さくら亭：1996年／有限会社スリーハンドレッドバー：1992年,,https://type.jp/job-company/46920/
株式会社Ciel Zero システム事業本部 システム技術部,,代表取締役 上本 裕介,650名,2025年1月31日,"60,000,000円",https://type.jp/job-company/46982/
株式会社シンクラン/株式会社TEAMS【合同募集】,,株式会社シンクラン：代表取締役社長 鶴賀 大輔／株式会社TEAMS：代表取締役社長 鶴賀 裕行,"グループ計：3,391名（2024年12月15日現在）",株式会社シンクラン：1971年10月28日／株式会社TEAMS：2017年3月30日,,https://type.jp/job-company/47026/
ソマックス株式会社,https://www.somax.co.jp/,代表取締役 冨田 和巨,44名,1991年（平成3年）6月26日,"5,000万円",https://type.jp/job-company/47381/
株式会社SmartHR,,代表取締役 芹澤 雅人,,2013年01月23日,,https://type.jp/job-company/47527/
株式会社サクラハウス、有限会社サクラホテル【合同募集】,https://ja.sakura-hotel.co.jp/,有限会社サクラホテル：九十九 章之／株式会社サクラハウス：九十九 華子,,有限会社サクラホテル：1989年／株式会社サクラハウス：1986年,"有限会社サクラホテル：3,000,000円／株式会社サクラハウス：10,000,000円",https://type.jp/job-company/47732/
株式会社湘南ハウジング,https://www.shonan-housing.com/,代表取締役 金子晋也,20名,1973年5月,"10,000,000円",https://type.jp/job-company/47772/
シンプレクス・ホールディングス株式会社【ポジションマッチ登録】,https://www.simplex.holdings/,代表取締役社長 金子 英樹,"2,121名（2026年4月1日現在）",設立年月日：2016年12月1日（事業再編により新設）、創業年月日：1997年9月16日,"1,518百万円（2026年3月31日現在）",https://type.jp/job-company/47778/
ＣＩＳ合同会社,https://cis-gk.com/ja,代表社員 磯崎 和也,,2021年 12月,,https://type.jp/job-company/48163/
株式会社ＳｙｎｅｒｇｙＥｆｆｅｃｔ,https://synergy-effect.jp/,鰐部 雄介,,2023年2月1日,"1,000,000円",https://type.jp/job-company/48222/
株式会社JAM,,代表取締役 田平 千雪,平均年齢／26歳,2024年1月,,https://type.jp/job-company/48302/
株式会社ＴＨＥＯ ＴＥＣ,https://theotech.jp/,代表取締役 加藤 文大,90名（2026年7月現在）,2023年12月,"2,000万円",https://type.jp/job-company/48435/
株式会社ＳＥＺＯ,https://sezo.co.jp/,代表取締役 黒明 慶吾,,2025年4月,"1,441万円（資本準備金含む）",https://type.jp/job-company/48477/
住友生命保険相互会社 名古屋支社 中川新栄支部・名古屋支部,https://www.sumitomolife.co.jp/,取締役代表執行役社長 高田 幸徳,"42,317名（職員10,406名、営業職員31,911名）（2024年度末）",創業：1907年5月,,https://type.jp/job-company/48547/
株式会社サムシス,https://sumsys.co.jp/,代表取締役 小林将基,,2025年,300万円,https://type.jp/job-company/48802/
サイオステクノロジー株式会社/サイオス株式会社/サンディブルー株式会社【サイオスグループ合同募集】,https://www.sios.com/ja/,,,1997年5月（サイオス株式会社）,,https://type.jp/job-company/48825/
株式会社ＳＴＡＲ ＣＡＲＥＥＲ,https://star-career.co.jp/,代表取締役／保坂 龍政,平均年齢／27歳,2016年5月,4000万円,https://type.jp/job-company/48840/
スターゼン株式会社,https://www.starzen.co.jp/,代表取締役社長 横田 和彦,"2,783名（2025年3月末時点）",1948年6月17日,"116億5,827万円",https://type.jp/job-company/48876/
住友不動産ヴィラフォンテーヌ株式会社,,代表取締役 小森 智之,"1,010名（2026年1月時点）",1978年2月7日,5000万円,https://type.jp/job-company/49072/
住友不動産ハウジング株式会社,https://sumifu-housing.co.jp/,代表取締役社長 三浦 桂介,"4,523名（2025年4月1日現在）",2024年10月17日,"3,000百万円（2025年4月1日現在）",https://type.jp/job-company/49184/
株式会社Step Link,http://steplink01.com,代表取締役 今野 海渡,平均年齢／24歳,2025年5月,,https://type.jp/job-company/49245/
ソニテック株式会社,https://www.sonitech.co.jp/,代表取締役社長 三宅 修,268名（2025年3月時点／パート、派遣社員含）,1982年7月,6640万円,https://type.jp/job-company/49253/
C-HRC株式会社 SES事業本部,https://c-hrc.jp,代表取締役 狩野 薫敏,150名,1998年5月15日,1750万円,https://type.jp/job-company/49279/
株式会社ｘｅｎｏ ｆｉａｎ,https://xenofian.co.jp/,代表取締役 半渡 賢太,,2021年1月18日,1000万円,https://type.jp/job-company/49358/
株式会社SARUCREW,https://sarucrew.co.jp/,代表取締役CEO 石井 尚貴,134名（アルバイト・業務委託含む）,2019年4月3日,"10,000,000円",https://type.jp/job-company/49383/
株式会社スカイクリエイツ,https://www.skycreates.co.jp/,柳瀬善喬,26名,2008年5月26日,"9,900,000円",https://type.jp/job-company/49404/
GLナビゲーション株式会社,https://www.gl-navi.co.jp,代表取締役 神田 滋宣,,2009年12月21日,"171,201,000円 （準備金含む）",https://type.jp/job-company/49414/
サンデンタル株式会社 本社,https://www.sundental.jp/,入江 正彦,,1972年6月1日,1500万円,https://type.jp/job-company/49423/
ソフトシンク株式会社,https://www.soft-think.com/,代表取締役社長 周 順彩,15名,2006年7月6日,1300万円,https://type.jp/job-company/49458/
株式会社セントラル科学貿易【プライム上場企業「株式会社GSIクレオス」グループ】,https://cscjp.co.jp/,代表取締役 杉本 静子 ※26年6月より代表取締役に就任,55名,1967年6月,100百万円,https://type.jp/job-company/49506/
株式会社ソードケインズスタジオ【東証プライム上場 株式会社カプコン100％子会社】,https://swordcanes.co.jp/,代表取締役 武田 哲也,30人,2018年5月16日,8百万円,https://type.jp/job-company/49521/
株式会社サーバーワークスグループ【合同募集】,https://www.serverworks.co.jp/,株式会社サーバーワークス：大石 良／株式会社サーバーワークス・スマートオペレーションズ：玉木 雄二,株式会社サーバーワークス：617名(連結) 475名(単体) ※2026年5月末日現在,SWX：2000年2月21日／SOP：2025年3月3日,"3,270,337,821円 (2025年2月末日現在)",https://type.jp/job-company/49538/
株式会社セントラルアークス,https://www.c-arcs.jp/,稗田 達哉,,令和元年6月,"1,000万円",https://type.jp/job-company/49556/
ＣＳエコー株式会社,https://cs-echo.co.jp/index.html,代表取締役 川島 孝之,110名（総稼働248名）※2026年5月現在,1982年7月15日,"20,000,000円",https://type.jp/job-company/49576/
株式会社松竹映像センター,,代表取締役社長 山下 良則,60名,1994年11月16日,1億円,https://type.jp/job-company/49583/
株式会社勝英自動車学校,https://shoei.driver.co.jp/company,代表取締役 吉村 武司,,昭和40年10月20日,,https://type.jp/job-company/49592/
株式会社全農ビジネスサポート 情報サービス 事業本部,https://www.z-bs.co.jp/recruit/career/joho/,代表取締役社長 小畑 俊哉,774名,昭和35年9月1日,"5億9,450万円",https://type.jp/job-company/49611/
坂本建設株式会社,https://www.sk-k.jp/,代表取締役社長 山田 義孝,12名,1970年（昭和45年）3月,4100万円,https://type.jp/job-company/49621/
サン・エム・システム株式会社,https://www.sun-m.co.jp/recruit/,代表取締役社長 本庄 諭,326名 2026年4月時点,1997年6月,"9,900万円",https://type.jp/job-company/49624/
株式会社スマイティ・リアルエステート【カカクコムグループ】,,代表取締役社長 高松 祐三,5名（2026年3月時点）,2025年,"7,500万円",https://type.jp/job-company/49647/
株式会社ソフトライフ,https://softlife.co.jp/index.html,代表取締役 菊谷 直哉,社員／123名（東京管轄：73名、大阪管轄：38名、福岡：12名）,東京本社：2010年（平成22年）8月26日／大阪本社：2002年（平成14年）8月8日,"東京本社：8,000万円 大阪本社：3,000万円",https://type.jp/job-company/49680/
株式会社ＣＹＬＬＥＮＧＥ 大阪本社,https://www.cyllenge.co.jp/,代表取締役社長 見植 直美,81名（2025年5月時点）,1980年7月（創業1968年1月）,"3,000万円",https://type.jp/job-company/49682/
シン・エナジー株式会社,,,140人（2026年4月現在）,1996年12月,"50,000,000円",https://type.jp/job-company/49685/
株式会社サンデリックフーズ 大阪本社,https://sundelic.com/,代表取締役 尾道泰一,323名（2025年4月時点）,昭和62年4月（創業 昭和47年）,"9,950万円",https://type.jp/job-company/49698/
有限会社新郷運輸,https://www.shingo-transport.co.jp/,代表取締役社長 赤城 義隆,33名（令和6年3月現在）,1972年8月4日,"5,000,000円",https://type.jp/job-company/49737/
ＣｅｎｔＦｌｙＧａｔｅ株式会社,https://centflygate.co.jp/,代表取締役 門倉 栄,平均年齢／35歳（20代3割・30代5割・40代2割）,,"1,000万円（2026年7月増資）",https://type.jp/job-company/49753/
さつき工業協同組合,https://www.satuki.or.jp/,代表理事 髙野 理恵,中途入社者の割合／100％,1984年（昭和59年）4月18日,,https://type.jp/job-company/49775/
株式会社ジーシーシー 東京本社,https://www.gcc.co.jp/,代表取締役社長 町田 敦,754名（2026年2月現在）,昭和40年12月27日（1965年）,"9,000万円",https://type.jp/job-company/49780/
シェアフル株式会社,,代表取締役社長 横井 聡,,2019年1月,1億円（資本準備金含む）,https://type.jp/job-company/49788/
株式会社ジンアース【東証グロース上場グループ】,https://www.jinearth.co.jp/,代表 川﨑 雅史,140名（2026年5月現在）,2021年 5月19日,1000万円,https://type.jp/job-company/49794/
株式会社山栄/株式会社スリーエー【合同募集】,https://www.three-a-shibuya.com/three-a-terrace/corpinfo,山本ヒカル,4名,1978年2月1日,"9,000万円",https://type.jp/job-company/49815/
社会福祉法人さつき福祉会,https://satuki-fuku.sakura.ne.jp/,鴨井健二,574名（2025年8月時点）,1982年,,https://type.jp/job-company/49839/
株式会社ZERO,https://ze-r0.jp/,代表取締役 内田 圭一,41名（SES稼働 月間約150名）,2010年（平成22年）12月1日,"3,000,000円",https://type.jp/job-company/49843/
埼玉県商工会連合会,https://www.syokoukai.or.jp/,会長 江原 貞治,,1961年,,https://type.jp/job-company/49845/
株式会社ＣｙｂｅｒＺ,https://cyber-z.co.jp/,代表取締役社長 CEO 山内 隆裕,,2009年4月1日,"4,000万円",https://type.jp/job-company/49851/
株式会社サーベイリサーチセンター,https://www.surece.co.jp/,代表取締役 藤澤 士朗,社員：364名 契約スタッフ：532名（2026年2月1日現在）／調査員数：約4.8万人,1975（昭和50）年2月,"6,000万円",https://type.jp/job-company/49862/
株式会社Ｓｈａｒｅｄ Ｖａｌｕｅ,https://sharedvalue.jp/,代表取締役 石原 振一郎,,2022年9月,"1,000万円",https://type.jp/job-company/49863/
サイテック株式会社,https://www.sytec92.com/company/,代表取締役 永井元章,,1992年10月1日設立,1000万円,https://type.jp/job-company/49867/
Ｓｔａｐｌｅ Ｅｎｔｅｒｔａｉｎｍｅｎｔ株式会社,http://www.staple-e.co.jp/news,代表取締役社長：植田 慎也,,2020年2月,,https://type.jp/job-company/49888/
株式会社小学館ミュージック＆デジタルエンタテイメント【ポジションマッチ登録】,https://www.smde.co.jp/,代表取締役社長 浅井認,119名（男性68名 女性51名）※2026年4月1日時点,1998年8月3日,1000万円,https://type.jp/job-company/49932/
株式会社三経ビルディング,http://www.sankeibuilding.co.jp/company.htm,木山 貴英,約20名（グループ全体：約50名）,昭和53年4月,1億円,https://type.jp/job-company/49975/
特許庁,https://www.jpo.go.jp/news/saiyo/other/ninkitsuki-tokkyo/2026saiyo_shinsakanho.html,特許庁長官 河西 康之,2797名（令和８年度定員）,1885年,,https://type.jp/job-company/4209/
大同生命保険株式会社,https://www.daido-life-saiyo.com/,代表取締役社長 藤田 広行,"7,229名（2025年度末現在）",昭和22年7月14日（相互会社としての法人設立日）,"1,100億円",https://type.jp/job-company/4365/
テー・ピー・エスサービス株式会社,https://tpss.co.jp/,代表取締役 藤井 義昭,400名,1978年3月,9500万円,https://type.jp/job-company/5559/
東建コーポレーション株式会社【東証プライム・名証プレミア上場】,https://www.token.co.jp/,代表取締役社長兼CEO 左右田 善猛,"4,909名（2025/06/01現在）",1976年7月,48億円,https://type.jp/job-company/8020/
有限責任監査法人トーマツ,http://www.deloitte.com/jp,代表執行役 大久保 孝一,,1968年5月,"1,239百万円（2025年11月末日現在）",https://type.jp/job-company/14847/
株式会社テレビ朝日メディアプレックス,https://www.mediaplex.co.jp,代表取締役 澤 將晃（さわ まさあき）,平均年齢／35歳 ※2022年3月31日時点,平成12年2月9日,"9,200万円",https://type.jp/job-company/16196/
テクマトリックス株式会社,http://www.techmatrix.co.jp,代表取締役社長 矢井 隆晴,"1,738名（25年3月末現在）",1984年8月30日,"12億9,812万円",https://type.jp/job-company/17379/
株式会社デジタルガレージ,http://www.garage.co.jp/ja/,代表取締役グループCEO 林 郁,,1995年8月17日,"7,888百万円（2025年3月期）",https://type.jp/job-company/18048/
トレンダーズ株式会社,http://www.trenders.co.jp/,会長：岡本 伊久男（おかもと いくお） 社長：黒川 涼子（くろかわ りょうこ）,連結：198名（2024年12月末現在）,2000年4月,"6億2,975万円（2024年12月末現在）",https://type.jp/job-company/19781/
株式会社電通【ポジションマッチ登録】,,,,1901年（明治34年）7月1日,100億円,https://type.jp/job-company/20108/
大宝商事株式会社,https://taihoh.co.jp/,代表者 大寶 弘,14名（役員除く）,1967年10月25日,1000万円,https://type.jp/job-company/20315/
有限責任監査法人トーマツ【ポジションマッチ登録】,http://www.deloitte.com/jp,代表執行役 大久保 孝一,"6,241名（2026年2月末日現在）",1968年5月,"1,241百万円（2026年2月末日現在）",https://type.jp/job-company/20375/
株式会社ダブルスタンダード 【東証プライム上場】,https://double-std.com/,代表取締役 福永 康寛,84名（2026年6月末日時点）,2012年6月6日,263百万円（2023年3月31日現在）,https://type.jp/job-company/21411/
株式会社トーコー,http://www.toko-corp.co.jp/,代表取締役社長 山田直造,691名（2026年3月末現在）,1988年7月25日,4000万円,https://type.jp/job-company/25085/
鷹ノ台ドライビングスクール株式会社,https://www.takanodai-ds.jp/,小野尾 光,65名,1963年,,https://type.jp/job-company/27037/
寺田倉庫株式会社,https://www.terrada.co.jp/ja/,代表取締役社長 寺田 航平,168（2025年4月時点）,1950（昭和25）年10月,1億円,https://type.jp/job-company/27223/
株式会社トライネット,https://www.trinet.co.jp/,代表取締役 川崎 賢一,60名,1994年3月,1000万円,https://type.jp/job-company/27703/
株式会社トライアンフ,https://www.triumph.jp,代表取締役社長 日向 正嗣,134名(2026年6月現在),2003年8月27日,1000万円,https://type.jp/job-company/30554/
株式会社高萩自工,http://www.takahagi.info/,緑川 理恵,10名（企業全体）,平成30年5月 ★有限会社高萩自工東京支店から独立しました！,,https://type.jp/job-company/31301/
大樹生命保険株式会社 東京支社 丸の内統括営業部,https://www.taiju-life.co.jp/,代表取締役社長／原口 達哉,"10,857名（うち営業職員 6,856名）(2025年度末現在)",1927年3月,"1,672億円",https://type.jp/job-company/31648/
株式会社 特別警備保障【東証プライム市場上場 セントラル警備保障株式会社グループ】,https://tokkei.com/,代表取締役社長 菅野 秀一,311名（2026年3月末）,1969年1月31日,9600万円,https://type.jp/job-company/32038/
テクニカルブレイン株式会社【ヒロセグループ】,http://www.tecb.co.jp/,代表取締役 金谷 竜美,30名,1986年5月,"1,000万",https://type.jp/job-company/33386/
株式会社ＴＹＬ,https://pet-tyl.co.jp/,代表取締役社長 金児 将平,315名 ※2026年1月31日時点（非正規含む）,2017年8月1日,"225,124,800円 ※資本準備金含む",https://type.jp/job-company/33473/
株式会社田代運輸,http://tashiro-transport.jp/,代表取締役社長 田代 耕司,130名,1973年7月,"3,055万円",https://type.jp/job-company/34055/
東京海上日動システムズ株式会社,https://www.tmn-systems.jp/,代表取締役社長 原田 晋,"1,736名（男性1,160名、女性576名）(2025年4月1日現在）",1983年9月,"5,000万円（東京海上日動火災保険全額出資）",https://type.jp/job-company/34260/
トライアロー株式会社 北海道支店,https://www.tri-arrow.co.jp/,代表取締役 保坂 幸治,1000名（2025年12月現在）※北海道支店は180名,1979年(昭和54年)2月,"8,000万円",https://type.jp/job-company/34608/
豊玉タクシー株式会社,https://www.toyotamataxi.com/,髙内 啓祐,300名,昭和35年9月5日,1000万円,https://type.jp/job-company/34719/
東建コーポレーション株式会社 採用課【東証プライム・名証プレミア上場企業】,https://www.token.co.jp/,代表取締役社長兼CEO 左右田 善猛,"4,849名（パート社員含む）／グループ社員数5,388名（2024年4月1日）",1976年7月,48億円,https://type.jp/job-company/34943/
株式会社チューブライディング,https://www.tuberiding.co.jp/,代表取締役会長 鶴岡 友和 代表取締役社長 川野 志穂,13名,2021年2月1日,"3億1,000万円",https://type.jp/job-company/36146/
株式会社電通マクロミルインサイト,https://www.dm-insight.jp/,代表取締役社長 眞鍋尚行,250名（2026年4月1日時点・役員を除く）,1967年11月1日,"3億6,016万円",https://type.jp/job-company/36352/
株式会社テクノラボ,https://ssl.tlabo.com/,代表取締役 上田 正夫,41名 (2025年4月現在),1989年6月,"5,000万円",https://type.jp/job-company/36405/
株式会社ティー・アンド・エス・システムズ,https://t-s-systems.com/,代表取締役 田村 現,30名（2025年3月）,2007年6月22日,"9,000,000円",https://type.jp/job-company/36709/
株式会社テクニケーションシード,https://www.technication.co.jp/,代表取締役会長 高橋 俊介／代表取締役 西田 拳,807名(2026年9月現在),2019年11月1日,1億円,https://type.jp/job-company/37822/
株式会社トゥインクル,https://www.twk.co.jp/,代表取締役社長 鈴木 伸且,418名（2025年3月31日現在）,1996年2月,"5,000万円",https://type.jp/job-company/40314/
株式会社ツクルバ【東証グロース上場企業】,https://tsukuruba.com/,代表取締役CEO 野村駿太郎,304人 （2025年7月31日付）,2011年8月,,https://type.jp/job-company/41330/
株式会社ＤＮＰファシリティサービス【東証プライム上場グループ企業】,https://www.dnp.co.jp/group/dnp-facilityservices/,代表取締役社長 川村 雅彦,638名（2026年4月現在）,1999年4月,3億5000万円,https://type.jp/job-company/41810/
株式会社大松運輸,https://www.t-daimatsu.com/,代表取締役 仲松 秀樹,130名,昭和55年9月3日（創業は昭和47年2月）,1000万円,https://type.jp/job-company/42273/
株式会社トウペ【東証プライム上場グループ】,https://www.tohpe.co.jp/,代表取締役社長 河野 信治,257名（2024年4月1日現在）,大正4年12月21日（1915年）,4億9000万円,https://type.jp/job-company/43036/
株式会社TRAVER,https://traver.jp/,代表取締役 川島 保典,30名（2024年11月現在）,2016年,100万円,https://type.jp/job-company/43739/
Delight株式会社,https://delight-x.co.jp/,山中 翔太,,2024年1月,"3,000,000円",https://type.jp/job-company/44134/
第工株式会社,https://www.dk-c.co.jp/,代表：増永 陽一,約230名 ※2026年4月1日時点,1986年10月30日,"2億円 ※グループ全体：5億3,450万円",https://type.jp/job-company/44485/
ＤＡＩＷＡ ＣＹＣＬＥ株式会社【東証グロース上場】,https://www.daiwa-cycle.co.jp/,代表取締役 涌本 宜央,"1,023名（2025年1月31日現在）",1990年8月（創業：1980年1月）,"5億6,221万円（2026年1月31日現在）",https://type.jp/job-company/44739/
合同会社ダイク・カンパニー,https://daiku-company.com/,工藤 郁,25名,2015年4月,1710万円,https://type.jp/job-company/44885/
株式会社ダイニングイノベーション,https://dining-innovation.com/ja/,代表取締役社長 松宮 秀丈,1000名（2025年9月現在）,2013年,1億円,https://type.jp/job-company/45128/
トヨタ・コニック・プロ株式会社,https://toyotaconiq.co.jp/,代表取締役社長 武田 淳一郎,670名（うち受入出向者50名）※2026年4月1日現在,創立：1949年3月 設立：2021年1月,"5,000万円",https://type.jp/job-company/45321/
株式会社デニーズジャパン,https://www.dennys.co.jp/dennys-japan/,代表取締役社長 小松 雅美,"11305名（正社員713名、パート社員10,592名） 2026年2月末現在",2007年1月10日,30億円,https://type.jp/job-company/45646/
toBE Tech株式会社,https://www.tobetech.jp/,百瀬 卓也,270名（2026年8月現在）,2022年7月28日,,https://type.jp/job-company/45684/
株式会社東証コンピュータシステム,https://www.tcs.co.jp/corporate/outline/,代表取締役社長 竹林 義修,338名（2025年1月1日現在）,1961年6月（昭和36年）,4億円（主要株主：富士ソフト、東京証券取引所）,https://type.jp/job-company/46154/
株式会社東上セレモサービス,https://tohjo.com/,代表取締役社長 𠮷原礼子,320名（2025年12月時点）,1973年4月5日,"5,000万円",https://type.jp/job-company/46286/
株式会社帝国警備新社,https://teikokukeibi.co.jp/,代表取締役 木村 浩司,,平成10年7月21日,"3,000万円",https://type.jp/job-company/46457/
株式会社トゥインクル SOサービス部,,代表取締役社長 鈴木 伸且,418名（2025年3月31日現在）,1996年2月,"5,000万円",https://type.jp/job-company/46620/
株式会社トゥインクル SSサービス部,,代表取締役社長 鈴木 伸且,418名（2025年3月31日現在）,1996年2月,"5,000万円",https://type.jp/job-company/46622/
TDCX Japan株式会社,https://www.tdcx.com/ja/,代表取締役 Laurent Junique,589名（2024年8月時点）,2016年11月,5200万円,https://type.jp/job-company/46676/
ディパーチャーズ・ジャパン株式会社,https://departures-japan.com/,代表取締役 木村 光希,149名（2026年5月時点）,2015年10月,3000万円,https://type.jp/job-company/46868/
株式会社Ｔｒｉｖｅ,https://www.triveinc.com/,代表取締役社長 兼 最高経営責任者（CEO） 岡本 俊介,70名,2018年3月1日,"2,000万円",https://type.jp/job-company/47095/
株式会社デジタルノマド,https://digital-nomad.co.jp/,山田 亜喜夫,85名,2023年,300万円,https://type.jp/job-company/47735/
ドルビックスコンサルティング株式会社,https://www.dolbix.com/,代表取締役社長CEO 菅 隆之,,2020年12月21日,740百万円,https://type.jp/job-company/47786/
株式会社Tech Lab,https://techlab-inc.co.jp/,代表取締役 守田 りく,115名（業務委託を含む）,2023年12月,"1,000万円",https://type.jp/job-company/48040/
株式会社TENGA,https://tenga-group.com/,松本 光一,257名（2026年3月現在）,2005年3月25日,4300万円,https://type.jp/job-company/48071/
テクバン株式会社,https://www.techvan.co.jp/,代表取締役 髙松 睦夫,1910名（2026年）,1996年2月29日,100百万円,https://type.jp/job-company/48103/
株式会社Ｄｅｘａｌｌ,https://dexall.co.jp/,代表取締役社長 太田 雅也,105名,2021年2月,2000万円,https://type.jp/job-company/48107/
株式会社東京システムリサーチ,https://www.tsrweb.co.jp/,代表取締役社長 玉川 義人,186名（2026年4月 男性118名 女性68名）（グループ総数 215名）,1982年5月20日,"8,000万円（2026年4月現在）",https://type.jp/job-company/48307/
株式会社ＴＯＫＩＵＭ,https://corp.tokium.jp/,代表取締役 黒﨑 賢一,,2012年6月26日,1億円,https://type.jp/job-company/48348/
株式会社ＴＯＫＩＵＭ【ポジションマッチ登録】,https://corp.tokium.jp/,代表取締役 黒﨑 賢一,,2012年6月26日,1億円,https://type.jp/job-company/48349/
株式会社トヨフク,,佐久間 貴敬,,,,https://type.jp/job-company/48493/
株式会社トライ・ハード,http://www.try-hard.co.jp/,代表取締役 木村 哲郎,平均年齢／平均年齢／32歳,2003年7月,"3,000万円",https://type.jp/job-company/48585/
株式会社テクノプロ・コンストラクション,https://www.technopro-construction.com/,代表取締役社長 田中 靖雄,3599名（2025年6月末時点）※グループ連結：3万41名,2008年11月（創業1960年）,1億1000万円,https://type.jp/job-company/48763/
株式会社T2R,https://t2r-inc.com/,代表取締役 田平 聖仁,60名,2021年4月,,https://type.jp/job-company/48806/
株式会社トレンドクリエイト,https://trendcreate.jp/,橋本 祐佑,,2021年8月,,https://type.jp/job-company/48894/
株式会社ドリーム・アーツ,https://www.dreamarts.co.jp/,代表取締役 社長 山本孝昭,,1996年（平成8年）12月,5億6919万2000円,https://type.jp/job-company/48959/
株式会社ドリーム・アーツ【ポジションマッチ登録】,https://www.dreamarts.co.jp/,代表取締役社長 山本 孝昭,,1996年（平成8年）12月,5億6919万2000円,https://type.jp/job-company/48969/
株式会社TKP 営業本部,https://www.tkp.jp/,代表取締役社長 河野 貴輝,"3,801名（連結 / 2026年2月末時点）※時給社員・パート等臨時雇用者を除く",2005年8月15日,164億円（2026年2月末現在）,https://type.jp/job-company/49011/
株式会社ＤＲＥＡＭ ＰＯＮＹ,https://dream-pony.jp/,代表取締役 一ノ瀬続輝,45名,2024年4月11日,"50,000,000円",https://type.jp/job-company/49021/
Ｄｒｅｓｓ Ｃｏｄｅ株式会社,https://www.dress-code.com/ja,代表取締役 江尻祐樹,40名（2026年4月現在）,2024年9月2日,"1,139,089,000円（資本準備金含む）",https://type.jp/job-company/49052/
株式会社Ｔｅｃｌｏｃｋ,https://www.teclock-group.co.jp/,代表取締役 髙橋 悠路,,2023年2月,1000万円,https://type.jp/job-company/49083/
TKKプラントエンジ株式会社,https://tkkplanteng.co.jp/,代表取締役 飯田 仁志,38名,2021年4月1日,2000万円,https://type.jp/job-company/49113/
東亜商事株式会社,https://www.toashoji.com/,代表取締役会長／小山 喜之,,1956年1月20日,1億円,https://type.jp/job-company/49119/
合同会社デロイト トーマツ,https://www.deloitte.com/jp/ja.html,代表執行役 長川 知太郎／代表執行役 鹿山 真吾,"約12,000名（子会社含む）",2025年12月,300百万円,https://type.jp/job-company/49274/
株式会社ＴＳＯ,https://tso-inc.jp/,代表取締役社長 中屋 仁志,256名,2016年1月,"10,000,000",https://type.jp/job-company/49281/
大和建設株式会社,https://www.daiwa-ken.com/index.html,澤田 隆博,8名,1976年（昭和51年）9月3日,3500万円,https://type.jp/job-company/49290/
株式会社トゥルーエンジニアリングサービス,https://tes-g.jp/,代表取締役社長：今野 晴彦,17名（2025年11月時点）※役員含め全体で19名,2014年6月,"5,000,000 円",https://type.jp/job-company/49304/
株式会社ドゥファイン,https://www.dofine.co.jp/,代表取締役 恩田 謙太郎,340名（2024年7月時点）,1990年6月,5000万円,https://type.jp/job-company/49320/
株式会社タイムクリエイターズ,https://www.time-creators.co.jp/,土田 成相,110名（2026/6現在）,2008年4月,"3,000万円",https://type.jp/job-company/49363/
TGオクトパスエナジー株式会社【オクトパスエナジー／東京ガス合弁会社】,https://octopusenergy.co.jp/,代表取締役社長（CEO） 中上 英尋,140名（2026年6月時点）,2021年1月,7億円,https://type.jp/job-company/49405/
特産エンジニアリング株式会社,https://tek-m.co.jp/,代表取締役 北村 五郎,157名（2026年5月現在）,1976年,5000万円,https://type.jp/job-company/49408/
株式会社ティーテック,https://www.ttec-job.co.jp/,武内 健太郎,,2001年4月,"1,000万円",https://type.jp/job-company/49469/
TECH GUILD株式会社,https://tech-guild.co.jp/,江口 竜二,20名,2022年3月,"5,000,000円",https://type.jp/job-company/49475/
株式会社天然社,https://www.ten-nen-sha.co.jp/,代表取締役 矢野 敏康,,1993年1月4日,6460万円,https://type.jp/job-company/49508/
株式会社テクニコ,,代表取締役 堀 光伸,227名（男性/114名 女性/113名）*令和8年4月1日現在,昭和61年7月24日,"4,000万円",https://type.jp/job-company/49528/
株式会社テックネクスト,https://www.technext.jp/,代表取締役: 鈴木雅人,5名,2025年2月14日,,https://type.jp/job-company/49554/
千葉住設株式会社,https://www.chiba-jusetsu.co.jp/index.html,代表取締役会長 / 左近 正司、代表取締役社長 / 左近 雅美,,1997年4月,"2,000万円",https://type.jp/job-company/49564/
株式会社Ｔｅｃｈ Ｒｅｉｓ,https://techreis.co.jp/ja,下岸 祐太,21人,2019年11月,300万円,https://type.jp/job-company/49571/
（株）所沢中央自動車教習所／（株）南横浜自動車学校／（株）新神戸ドライヴィングスクール【合同募集】,https://smart.driver.co.jp/,代表取締役社長 / 吉村 充司,564名（令和5年5月17日現在）,1965年,4700万円,https://type.jp/job-company/49584/
株式会社ＴＥＮＴＩＡＬ,https://corp.tential.jp/,中西裕太郎,288名（2026年4月時点）,2018年2月6日,9.1億円（2025年11月末時点）,https://type.jp/job-company/49585/
株式会社ＴＹＬ【ポジションマッチ登録】,https://pet-tyl.co.jp/,金児 将平,315名 ※2026年1月31日時点（非正規含む）,2017年8月1日,,https://type.jp/job-company/49612/
株式会社Ｄ＆Ｄ,http://www.danddnetwork.net/,代表取締役社長 椎名 進,38名,2013年5月,1000万円,https://type.jp/job-company/49631/
デザインファースト株式会社,https://designfirst.co.jp/,長堀 泰幸,25名（アルバイト・委託社員含む）,2017年3月,"4,810万円",https://type.jp/job-company/49632/
株式会社テー・エス・イー,https://ltd-tse.co.jp/wp/,代表取締役社長 及川 健弘,96名,1992年5月1日,"1,000万円",https://type.jp/job-company/49645/
ダイレックス株式会社【サンドラッググループ】,https://www.ds-direx.co.jp/,代表取締役会長 貞方 宏司・代表取締役社長 五味 肇,"社員 1,848名、パート 11,204名（ 2026 年 3 月 31 日現在）",平成19年7月9日,"33億6,945万円",https://type.jp/job-company/49707/
株式会社第一興商 本社 【東証プライム上場】,https://www.dkkaraoke.co.jp/,代表取締役社長 保志 忠郊,"当社2,199名／グループ3,694名（2026年3月31日現在）",1973年4月16日,"12,350百万円",https://type.jp/job-company/49749/
東京海上日動あんしん生命保険株式会社 東京第三支社,https://www.tmn-anshin.co.jp/,取締役社長 浅野 收二,"2,513名（2025年3月31日現在）",1996年8月6日,550億円,https://type.jp/job-company/49761/
株式会社富輝コーポレーション,http://tomiteru.ltd/,代表取締役氏名 張 博輝,,2024年2月7日,5000万円,https://type.jp/job-company/49778/
Ｔｅｒｒａ Ｄｒｏｎｅ株式会社,https://terra-drone.net/,代表取締役社長 徳重 徹,単体147名（海外連結624名）,2016年2月,,https://type.jp/job-company/49816/
株式会社Ｔ－ＬＡＢ,https://www.tlab.jp/,有泉正樹,53名 ※グループ合計,令和5年4月13日,"10,000,000円",https://type.jp/job-company/49889/
ディー・エイチ・シー・サービス株式会社 技術部,https://www.dhc-s.co.jp,代表取締役社長 堀江 整,216名（2026年4月時点）,1987年4月1日,4000万円,https://type.jp/job-company/49896/
DIVE IN株式会社,https://divein.co.jp/,代表取締役CEO 打木 翔太,,2024年2月1日,1000万円,https://type.jp/job-company/49907/
テラダ産業株式会社,https://terada-sangyo.co.jp/,代表取締役社長 緑川 順一,110名（2026年4月末時点）,1958年4月（創立：1946年4月）,4200万円,https://type.jp/job-company/49927/
株式会社トリプルアイズ,,片渕 博哉,,2008,"8億7,006万円 （2024年1月5日現在。資本準備金を含む。）",https://type.jp/job-company/49940/
日建リース工業株式会社,http://www.nrg.co.jp/nikkenlease,代表取締役会長 関山 正勝,"約2,250名（2025年9月時点）",1967年（昭和42年）11月,"9,500万円 ※資本金及び剰余金 約330億円",https://type.jp/job-company/4361/
株式会社 日翔テクノ,http://www.nissho-tec.co.jp,代表取締役CEO 河原﨑 広宜,正社員：65名／パートナー（協力会社など）：32名,2007年5月22日,7000万円,https://type.jp/job-company/10190/
日清食品グループ(日清食品株式会社),http://www.nissin.com/jp/,代表取締役社長／安藤 徳隆,"16,509名 (日清食品グループ連結)",2008年10月,251億2200万円（グループ資本金）,https://type.jp/job-company/16812/
ネットチャート株式会社【東証プライム上場企業IIJグループ】,https://www.ncj.co.jp/,代表取締役社長 楠本 和弘,205名,平成18年8月10日,"55,000,000円 （資本準備金：55,000,000円）",https://type.jp/job-company/17075/
日本運行システム株式会社,https://www.n-u-s.co.jp/,代表取締役社長 村山 陽,120名,昭和63年10月18日,"20,000,000円",https://type.jp/job-company/19740/
ニフティ株式会社,https://www.nifty.co.jp/,代表取締役社長 前島 一就,,1986年2月4日,1億円,https://type.jp/job-company/19974/
日本航空株式会社,https://www.jal.com/ja-jp/,鳥取 三津子,"14,627人（2026年3月31日現在）",1951年8月1日,"543,740百万円 *百万円未満切り捨て（2026年3月31日現在）",https://type.jp/job-company/22047/
株式会社ナレッジコミュニケーション,http://www.knowledgecommunication.jp/,代表取締役ＣＥＯ兼ＣＴＯ 奥沢 明,70名（2026年4月時点）,2008年11月（創立2006年5月）,"9,000,000円(自己資本比率100％)",https://type.jp/job-company/22988/
社会保険労務士法人西村社会保険労務士事務所,http://www.nsr-office.com/,代表社員 西村 治彦,200名（男105名・女95名）,1971年,10億円,https://type.jp/job-company/26136/
株式会社日本システムソリューション,http://www.jss-company.co.jp/,代表取締役 杉原 重雄,21名,2003年6月24日,"9,800万円",https://type.jp/job-company/26743/
株式会社野村総合研究所【ポジションマッチ登録】,https://www.nri.com/jp/,代表取締役社長 此本 臣吾,"6,782人（NRIグループ 17,394人） 2023年3月31日現在",創業1965年4月1日,"19,338,400千円",https://type.jp/job-company/30891/
株式会社ニコンシステム,http://www.nikon-sys.co.jp,代表取締役 兼 社長執行役員 小笠原 尚也,525名（2025年4月1日現在）,1986年4月,"5,000万円（株式会社ニコン100%出資）",https://type.jp/job-company/31585/
日本デェイブレイク株式会社,https://ndbnet.co.jp/index.html,代表取締役社長 佐藤一宏,218名（2026年4月）,1976年10月,"5,000万円",https://type.jp/job-company/32025/
なの花交通バス株式会社,https://www.nanohanabus.com/,代表取締役 富田 篤史,73名（令和2年10月1日現在）,平成11年1月,3300万円,https://type.jp/job-company/32941/
株式会社ノースサンド,https://northsand.co.jp/,代表取締役 前田 知紘,"1,525名（2025年7月末時点）",2015年7月1日,47億1700万円,https://type.jp/job-company/34041/
日本交通株式会社 ハイヤー事業部,https://www.nihon-kotsu-recruit.jp/hire/#sec01,代表取締役社長 若林泰治,"14,681人（2025年5月現在、連結）",1945年12月1日（創業：1928年4月）,1億円,https://type.jp/job-company/34326/
成田空港警備株式会社,https://www.narikei.co.jp/,代表取締役 神崎 誠,938名（2026年3月現在） ※警備職793名、うち女性63名、パート1名,1968年2月21日,5700万円,https://type.jp/job-company/35563/
日本アクア開発株式会社,https://www.nihon-aqua.co.jp/,代表取締役 豊島 雄介,42名,1985年5月27日,1500万円,https://type.jp/job-company/36778/
日本交通横浜株式会社,https://nikko-yokohama.net/,代表取締役 齋藤浩二,630名,2014年11月15日（営業開始 1936年9月）,"6,940万円（日本交通グループ1億円／2025年5月現在）",https://type.jp/job-company/37330/
株式会社日本経済新聞社,https://www.nikkei.co.jp/nikkeiinfo/,代表取締役社長 飯田 展久,"3,023人（2025年12月末）",1876年（明治9年）12月2日,25億円,https://type.jp/job-company/39358/
株式会社Necmos,https://www.necmos.jp/career,久保田 泰一郎,110名（2026年7月現在）,2021年1月7日,900万円,https://type.jp/job-company/39428/
ネイバーズ株式会社,https://www.neighborengineers.jp/,執行役会長CEO 寺田 崇,大阪本社 80名 東京支店 70名 名古屋支店 5名 （2025年7月現在）,2020年5月1日（創業 2021年1月1日）,2000万円,https://type.jp/job-company/39913/
株式会社ニコン【ポジションマッチ登録】,https://www.jp.nikon.com/company/corporate/data/,代表取締役 兼 社長執行役員 CEO 大村 泰弘,,1917年（大正6年）7月25日,654億7600万円,https://type.jp/job-company/40251/
日鉄ソリューションズ東日本株式会社,https://www.nssol.nipponsteel.com/east/,代表取締役社長 吉田 勝彦,"1,226名",1986年7月,"9,800万円",https://type.jp/job-company/40323/
日本電気株式会社【ポジションマッチ登録】,https://jpn.nec.com/,取締役 代表執行役社長 兼 CEO：森田 隆之,"単独 22,271名（2025年3月31日現在）連結 104,194名（2025年3月31日現在）",1899年(明治32年)7月17日,"4,278億円 (2025年3月31日現在)",https://type.jp/job-company/41868/
株式会社ネットネイティブ【モデルプレス、女子旅プレス、Mi-glamu】,https://net-native.net,代表取締役 松下 佳憲,63名（2024年9月時点）,2005年,8000万円,https://type.jp/job-company/42089/
日本マテリアル株式会社,https://www.material.co.jp/,代表取締役社長 森田 伸勇,180名,1992年6月,"8,000万円",https://type.jp/job-company/42348/
ｎｏｔａｒｉ株式会社,https://notari.co.jp/,代表取締役 今城 博史,13名,2014年12月,450万円,https://type.jp/job-company/43058/
株式会社Ｎｅｕｅａｌｌｅ,https://www.neuealle.com/,代表取締役 池田 好夏,105名（一部業務委託含む）,2023年5月25日,1000万円,https://type.jp/job-company/44445/
日化設備工業株式会社,https://www.niksc.co.jp/,代表取締役 高本 篤,,1966年,1億円,https://type.jp/job-company/44475/
日本製紙株式会社,https://www.nipponpapergroup.com/,代表取締役社長 瀬邊 明,"4,983人 ※単体 15,145人※連結（2025年3月31日現在）",1949年8月1日,"1,048億73百万円",https://type.jp/job-company/44651/
日産神奈川販売株式会社,https://np-kanagawa.nissan-dealer.jp/top.html,代表取締役社長 髙木 恵一,,2006年4月3日,"9,000万円",https://type.jp/job-company/44882/
株式会社ＮＥＵＧＡＴＥ【ノイゲート】/じぶんノート株式会社【合同募集】,https://neugate.co.jp/,代表取締役 小宮山陽大,,2015年5月,"20,000,000円",https://type.jp/job-company/45777/
一般社団法人日本内部監査協会,https://www.iiajapan.com/,代表理事 土屋 一喜,約30名,1957年10月,,https://type.jp/job-company/46181/
ネオライフ株式会社,https://neolife-pro.com/,代表取締役 西元章悟,24名,2014年2月,800万円,https://type.jp/job-company/46198/
西日本旅客鉄道株式会社【JR西日本】,https://www.westjr.co.jp/,代表取締役社長 倉坂 昇治,"連結：44,366人、単体：24,300人",1987年4月1日,"226,136百万円",https://type.jp/job-company/46218/
株式会社ノア・テクニカ,http://noah-technica.com/,代表取締役社長 加藤 栄一,35名,1990年3月1日,"2,000万円",https://type.jp/job-company/46240/
株式会社NEXT Homie,https://next-homie.co.jp/,大島壱泉,中途入社者の割合／☆中途入社100%☆,2023年1月,,https://type.jp/job-company/46255/
ネクストレベルホールディングス株式会社,http://nextlevelholdings.co.jp/,河原 由次,300名（グループ・関連会社を含む）,2018年4月2日,3億8520万円（グループ・関連会社含む）,https://type.jp/job-company/46430/
株式会社日テレＷａｎｄｓ,https://www.ntv-wands.co.jp/,代表取締役社長執行役員 角田 洋子,261名（2026年4月1日現在）,2018年7月2日,１億円,https://type.jp/job-company/47088/
ニップ株式会社,https://ceremuse.jp/nip/,鐵東貴和,グループ全体25名,,,https://type.jp/job-company/47276/
株式会社日本直販総本社,https://www.nippon-chokuhan.jp/,代表取締役社長 岩間信憲,101名,1978年9月,"5,000万円",https://type.jp/job-company/47859/
任天堂株式会社,http://nintendo.co.jp/corporate/index.html,代表取締役社長 古川俊太郎,,1947年11月,"10,065百万円",https://type.jp/job-company/47895/
株式会社NetFile,https://www.net-file.co.jp/,前川 義人,80名,2014年5月,"2,000万円",https://type.jp/job-company/47940/
株式会社ナック,https://www.nacoo.com/,代表取締役社長 吉村 寛,"連結1,698名（パート・アルバイトは除く）",1971年（昭和46年）5月20日,"6,729,493,750円",https://type.jp/job-company/48239/
株式会社ネクスコ・メンテナンス関東【NEXCO東日本グループ】,https://www.e-nexco-menteka.co.jp/,代表取締役社長 千田 洋一,387名,平成19年12月21日,"9,000万円（NEXCO東日本100％出資）",https://type.jp/job-company/48327/
株式会社ＮＥＸＴ,,代表取締役：石川翔一,8名（2025年9月時点）,2017年,300万円,https://type.jp/job-company/48575/
株式会社日本経済新聞社【ポジションマッチ登録】,https://www.nikkei.co.jp/,代表取締役社長 飯田 展久,"3,023人（2025年12月末）",1876年（明治9年）12月2日,25億円,https://type.jp/job-company/48653/
株式会社NUQ,,代表取締役 会長・社長 松村 明,,2020年4月,"3,000万円",https://type.jp/job-company/48726/
ノックスデータ株式会社,https://www.knox.co.jp/,代表取締役 社長 小林 義文,174名（2026年1月1日現在）,1974年5月,"4,500万円",https://type.jp/job-company/48774/
株式会社日本テレビ人材センター,https://ntvpc.co.jp/,代表取締役社長 横田昌之,,1987年（昭和62年）3月3日,"2,000万円",https://type.jp/job-company/49081/
株式会社ネクストアセンション,https://next-ascension.jp/,代表取締役 伊丹 和彦,,2025年1月21日,500万円,https://type.jp/job-company/49139/
株式会社ＴｈｅＮｅｗＧａｔｅ,,代表取締役 松下 宇流麻,605名（パートナー社員含む） 平均年齢／27歳,2018年,,https://type.jp/job-company/49244/
株式会社NINE,https://nine-ktr-co.com/,代表取締役 野田 宏美,,2025年8月1日,,https://type.jp/job-company/49429/
株式会社ネクストフューチャーシステムズ,https://n-future.co.jp/,代表取締役／中川 俊哉,36名(2025年3月),1997年9月29日,"2,000万円",https://type.jp/job-company/49441/
株式会社日本Ｍ＆Ａセンター,https://www.nihon-ma.co.jp/,代表取締役会長 三宅 卓／代表取締役社長 竹内 直樹,"1,118名(2026年3月末時点)",2021年4月1日（1991年4月25日 創業）,40億円,https://type.jp/job-company/49462/
中日本技研株式会社,https://www.nakanihongiken.co.jp/,代表取締役社長 河上 錠,94名,1970年1月26日,"3,000万円",https://type.jp/job-company/49476/
日本電気株式会社,http://www.nec.co.jp/,取締役 代表執行役社長 兼 CEO：森田 隆之,"単独 21,934名／連結 101,800名※2026年3月31日現在",1899年(明治32年)7月17日,"4,278億円 (2025年3月31日現在)",https://type.jp/job-company/49501/
株式会社ネクストデザイン,https://www.next-designs.com/,代表取締役／安藤 圭太,中途入社者の割合／100％,2024年11月20日,"5,000,000円",https://type.jp/job-company/49517/
株式会社ノヴァリス,https://www.novalisgroup.jp/,宮澤 隆平,平均年齢／28歳,2024年8月27日,500万円,https://type.jp/job-company/49542/
株式会社Nexil,https://nexil-inc.co.jp/,杉本 晃規,90名,2021年4月,"2,000,000円",https://type.jp/job-company/49545/
ニッカホーム株式会社,https://www.nikka-home.co.jp/,代表取締役 社長 西田 裕久,"1,860名（2026年4月現在）",1994年3月,"8,000万円",https://type.jp/job-company/49650/
株式会社新潟日立,https://www.hitachi.com/ja-jp/,取締役社長 林 賢一,170人（2026年4月1日現在）,1956年3月（昭和31年）,"5,000万円",https://type.jp/job-company/49652/
株式会社ノイマン 大阪支店,https://www.neumann.jp/,岩田 昌之,61人,1984年9月27日,"2億5,142万円",https://type.jp/job-company/49738/
株式会社ニア 東京サテライト,https://www.near-sendai.com/service/ict/tokyo_satelite/,代表取締役 木皿 譲司,東京サテライト：10名 会社全体：78名,2007年3月6日,3000万円,https://type.jp/job-company/49742/
日本スペノ株式会社,https://www.speno-jp.com/ja/,代表取締役 梶吉原二郎,41名,1987年9月1日,4000万円,https://type.jp/job-company/49880/
株式会社ネクスウィル,,代表取締役 丸岡 智幸,66名（2026年5月時点）,2019年1月29日,11億円（利益剰余金含む、2026年5月時点）,https://type.jp/job-company/49891/
株式会社NECT,https://nect.jp/,⾼⽥ 浩明,"940名（グループ全体1,538名）※2026年4月時点",2012年12月5日,"2,000万円",https://type.jp/job-company/49893/
日本フレートライナー株式会社,https://www.f-l.co.jp/,和田智秀,331名,1969年4月21日,1億円,https://type.jp/job-company/49944/
株式会社ぴーぷる,http://www.people.co.jp/,代表取締役 山崎 浩幸,81名,1989年9月14日,1300万円,https://type.jp/job-company/2463/
株式会社 HAL,https://www.hal21.co.jp/,代表取締役：寺西 信夫,1520名（2026年3月末）,2003年8月29日,9000万円,https://type.jp/job-company/4339/
株式会社ブレーンネット,http://www.brainnet.co.jp/,代表取締役社長 今井 智康,149名（契約社員含む、2026年3月現在）,1998年3月16日,"3,000万円",https://type.jp/job-company/4689/
株式会社ピーアール・デイリー,http://www.prdaily.jp/,代表取締役社長 石崎 智一郎,300名（2026年1月時点）,1987年8月,5000万円,https://type.jp/job-company/11065/
株式会社ピュア,https://pure2009.jp/,代表取締役／榎本 一恵,17名,2009年（平成21年）8月14日,1000万円,https://type.jp/job-company/12118/
株式会社 日立アドバンストシステムズ,https://www.hitachi-as.co.jp/,代表取締役取締役社長 宇都宮 洋,604名（2025年度）,1986年（昭和61年）4月1日,2億円（100%株式会社日立製作所出資）,https://type.jp/job-company/15272/
株式会社ビットソリューション,http://www.bitsolution.co.jp/,代表取締役 坂本 秀明,14名（全員中途入社）,2003年1月,"10,000,000円",https://type.jp/job-company/18718/
株式会社日立システムズ,https://www.hitachi-systems.com/,代表取締役 取締役社長 渡邉 岳彦,"単独：10,520名／連結：20,179名 ※2025年4月1日現在",1962年10月1日,"191億6,200万円",https://type.jp/job-company/19569/
ビートテック株式会社,https://beat-tech.co.jp/,代表取締役社長 冨田 正治,243名（2025年9月現在）←207名（2024年4月）←190名（2023年4月）,2015年(平成27年)1月,"3,000万円（資本準備金1,000万円）",https://type.jp/job-company/20684/
フランス総合医療株式会社,http://www.france-sougouiryou.co.jp/,代表取締役 杉木和彦,350名,平成元年3月6日,1000万円,https://type.jp/job-company/20712/
株式会社プラシズ,http://www.pluses.co.jp/,代表取締役 黒崎 隆正,7名,2014年9月3日,800万円,https://type.jp/job-company/21243/
株式会社FINDAWAY【ベクトル(プライム上場)グループ】,http://www.findaway.co.jp/,代表取締役社長 梅田 貴久,平均年齢／38歳,2012年6月,,https://type.jp/job-company/22844/
株式会社ビーグリー,https://www.beaglee.com/,代表取締役社長 吉田仁平,95名（単体）（2024年12月31日現在）,2004年10月25日,19 億 635万円（2024年12月31日現在）,https://type.jp/job-company/22906/
ハイブリィド株式会社,http://www.hiblead.co.jp/,代表取締役 中山 大輔,97名（2026年7月時点）,2015年3月3日,1000万円,https://type.jp/job-company/24468/
ホーチキ株式会社【東証プライム上場】,http://www.hochiki.co.jp/,代表取締役 取締役社長 細井 元,"単独1,573名、連結2,383名（2025年3月31日現在）",1918年（大正7年）4月2日,"37億9,800万円",https://type.jp/job-company/24803/
株式会社ハイデックス,http://www.hidex.net/home.html,代表取締役 上嶋 英俊,55名,1979年2月16日,1000万円,https://type.jp/job-company/25353/
株式会社ブランチ,http://www.p-branch.co.jp/,代表取締役 松枝一孝,112名（type経由で50名以上入社！）,平成19年（2007年）10月5日,"20,000,000円",https://type.jp/job-company/25401/
PwCコンサルティング合同会社,https://www.pwc.com/jp/ja.html,代表執行役 CEO 大竹 伸明,"世界156ヶ国 29万5,000名",2016年3月1日,1億円,https://type.jp/job-company/25839/
弁護士ドットコム株式会社,https://www.bengo4.com,代表取締役社長 兼 CEO 元榮 太一郎,519名,2005年07月,4億6000万円（2023年6月現在）,https://type.jp/job-company/26541/
株式会社Vertex.,https://vertex-japan.co.jp/,代表取締役 青木 美道,,2003年11月,,https://type.jp/job-company/26708/
ブックオフコーポレーション株式会社【東証プライム上場企業100％子会社】,https://www.bookoff.co.jp/,代表取締役社長 堀内 康隆,"社員：1,838名 パートアルバイトスタッフ：14,560名 （2025年5月31日現在）",1991年8月1日,1億円,https://type.jp/job-company/27076/
株式会社日立産業制御ソリューションズ,http://www.hitachi-ics.co.jp/,取締役社長 上田元春,"3,388名(2024年4月)",2014年4月,30億円（日立製作所 100％出資）,https://type.jp/job-company/27688/
ファーストアドレス株式会社,https://1ad.co.jp/,代表取締役 藤原滝男,7名,2010年1月,"3,000,000円（2026年3月31日現在）",https://type.jp/job-company/29070/
本田技研工業株式会社【ポジションマッチ登録】,https://www.honda.co.jp/,取締役代表執行役社長 三部敏宏,"連結 194,173 名",1948年（昭和23年）9月,860億円,https://type.jp/job-company/29446/
株式会社 フロンティアダイレクト,http://frontier-di.co.jp/,代表取締役 古井 貴,635名（2026年5月現在）,2018年5月,"1,000万円",https://type.jp/job-company/30057/
株式会社ビッグバン,http://www.bigvan.co.jp/,代表取締役 五十嵐 博昭,45名（派遣社員含む）,昭和63年(1988年) 12月 21日,4000万円,https://type.jp/job-company/30413/
株式会社フォーカス,https://focus-group.jp/,代表取締役 松尾哲也,10名※2026年9月現在,2009年8月10日,200万円,https://type.jp/job-company/30478/
HENNGE株式会社,https://hennge.com/jp/,代表取締役社長／小椋 一宏,,1996年11月,5億2119万1000円,https://type.jp/job-company/31171/
株式会社プライムセキュリティー,https://www.primesecurity.co.jp/,代表取締役 三原 憲和,16人,平成23年11月4日（創業：平成20年1月）,300万円,https://type.jp/job-company/31289/
ビジョンズ株式会社,https://visions-corp.com/,代表取締役社長 岩野竜志,56名（2026年5月現在 全体・業務委託等含む）,2010年2月24日,"30,000,000円",https://type.jp/job-company/32319/
株式会社日立インダストリアルプロダクツ,https://www.hitachi-ip.co.jp/,取締役社長 小林 圭三,約1900名（2026年時点）,2018年11月1日,100億円 (株式会社 日立製作所100%出資),https://type.jp/job-company/32344/
株式会社HomeGrowin,https://homegrowin.jp/,代表取締役 村山 弘,67名（2026年6月時点）,2012年6月,"19,500,000円",https://type.jp/job-company/33017/
富士フイルム株式会社【ポジションマッチ登録】,https://www.fujifilm.com/jp/ja,代表取締役社長・CEO 後藤禎一,5654名（2026/3/31 単独正社員数）40428名（2026/3/31 連結正社員数）,2006年10月,400億円,https://type.jp/job-company/33246/
株式会社パルライン【パルシステムグループ】,https://www.palline.co.jp,代表取締役社長 横山博志,"3,356名（2026年4月）",1987年11月19日,"9,500万円",https://type.jp/job-company/33304/
株式会社フェーズワン,https://www.phase1.co.jp/,代表取締役社長 植竹 駿,110名,1990年2月22日,"2,500万円",https://type.jp/job-company/33608/
株式会社ブローウィッシュ,https://blowish.jp/,代表取締役 村端 恵祐,70名（2025年11月時点）,2013年12月,1000万円,https://type.jp/job-company/33642/
有限会社ハンナシステム,,代表取締役 小倉 龍彦,,平成5年5月25日,,https://type.jp/job-company/33708/
フルウィル株式会社【上場企業グループ】,http://www.fulwill.co.jp/,代表取締役社長 西田 陸人,186名（2024年1月時点）,2020年6月,4500万円（準備金含む）,https://type.jp/job-company/34066/
株式会社福井銀行 人財開発チーム,https://www.fukuibank.co.jp/,頭取 長谷川 英一,"1,226名（出向者、嘱託および臨時職員含めず）",明治32(1899)年12月19日,179億65百万円,https://type.jp/job-company/34323/
株式会社BREXA SOLVIA,https://www.rakus-partners.co.jp/career-engineer/,代表取締役 社長執行役員 吉田 雅行,"1,319名（2026年4月1日現在）",2018年3月1日,"2,000万円",https://type.jp/job-company/34485/
株式会社富士薬品,https://www.fujiyakuhin.co.jp/company/company.php,代表取締役社長 高柳 昌幸,"21,056名（連結／パート・アルバイト等含む） [2026年3月末現在]",1954年4月＜創業：1930年2月＞,"100,000,000円",https://type.jp/job-company/35900/
フェアシステム株式会社,https://www.fairsystem.co.jp/,黒渕 由幸,18名（男性12名：女性6名）,2018年6月,"10,000,000円",https://type.jp/job-company/36586/
PCテクノロジー株式会社,https://www.pct.co.jp/,代表取締役社長 佐渡 修平,612人（令和7年4月1日現在）,1984年5月11日,"4,200万円",https://type.jp/job-company/36740/
富士通株式会社【ポジションマッチ登録】,https://www.fujitsu.com/jp/,時田隆二,"12万6,400人（グローバル）",1935年6月,,https://type.jp/job-company/36883/
株式会社ホテルコンチネンタル府中,https://www.hotel-continental.co.jp/,総支配人 大住 佑,117名（うちパート78名）,1987年,5000万円,https://type.jp/job-company/37010/
株式会社フジボウル,https://fujiball.co.jp/recruitment/,代表取締役 藤岡 貴士,100名（2023年12月時点）,2006年3月15日,2000万円,https://type.jp/job-company/37067/
株式会社High Return,https://www.high-return.jp/,代表取締役 国田 歩,,2017年9月,"1,000万円",https://type.jp/job-company/37145/
株式会社プログリット,https://about.progrit.co.jp/,岡田 祥吾,238名,2016年9月6日,"3億3,414万円（2025年5月末時点）",https://type.jp/job-company/37574/
PwCコンサルティング合同会社【ポジションマッチ登録】,https://www.pwc.com/jp/ja,代表執行役 CEO 大竹 伸明,"世界155ヶ国32万7,000人",2016年3月1日,1億円,https://type.jp/job-company/37603/
株式会社Vuetech,https://vuetech.jp/,萩原 勇輝,180名,2018年3月8日,"2,000万円",https://type.jp/job-company/37962/
株式会社フラット,https://flat-inc.site/,代表取締役： 笠原 拓馬,単体74名 連結547名 ※2026年6月1日現在,2021年4月1日,"9,990,000円",https://type.jp/job-company/38012/
フルスタック株式会社,https://full-stack.co.jp/,中満 悠人,140名(2026年5月1日),2022年3月17日,"22,960千円",https://type.jp/job-company/38021/
Ｐｅｒｓｏｎ'ｓ株式会社,https://persons-its.jp/,代表取締役社長 金子 伸太郎／代表取締役 込山 伸哉,232名,2014年5月,4000万円,https://type.jp/job-company/38208/
株式会社フレスト,https://frest-estate.co.jp/,代表取締役会長 田代 康光,132名（2026年3月時点）,2007年4月,1億円,https://type.jp/job-company/38536/
FLARETECH株式会社,https://flaretech.co.jp/,代表取締役 河畑 福太郎,220名,2020年11月11日,"5,000万円",https://type.jp/job-company/38592/
PRONI株式会社,https://www.proni.co.jp/,代表取締役CEO 柴田 大介,213名（うち、正社員は177名） ※2026年3月31日現在,2012年10月,"100,000,000円 ※2025年12月31日現在",https://type.jp/job-company/38751/
株式会社free mova,https://www.freemova.com/,代表取締役 廣瀬 暁己,1260名,2019年8月,1250万円,https://type.jp/job-company/39335/
株式会社VISIONARY JAPAN,https://visionary-jp.com/recruit,代表取締役 小野 恭佑,381名,2022年3月,5000万円,https://type.jp/job-company/39931/
パイオニア株式会社,https://jpn.pioneer/ja/?ref=header,代表取締役 兼 社長執行役員 矢原 史朗,"6,554名（2025年3月期）",1947年5月8日,"17,381百万円",https://type.jp/job-company/40097/
株式会社日立医薬情報ソリューションズ,https://www.hitachi-pi.co.jp/index.html,代表取締役 取締役社長 福島宗親,,2005年8月,2.5億円,https://type.jp/job-company/40224/
株式会社ハイパーリンクソリューション,https://hyperlinksolution.co.jp/,代表者 大野 友輔,,2022年2月28日,"1,000,000円",https://type.jp/job-company/40554/
株式会社ファーストピック,https://firstpick.jp/,福田 顕大,82名,2018年8月28日,500万円,https://type.jp/job-company/40711/
株式会社ｐｒｅｃｉｏｕｓ,https://precious.ne.jp/,代表取締役 脇坂 啓介,200人,2020年12月7日,"2,000万円",https://type.jp/job-company/41251/
ブティックス株式会社,https://btix.jp/,代表取締役社長 新村祐三,239人（2025年9月30日現在）,平成18年11月1日,"5,000万円（2025年9月30日現在）",https://type.jp/job-company/41373/
株式会社日立ソリューションズ西日本,https://www.hitachi-solutions-west.co.jp/,取締役社長 加藤 哲哉,"1,700名（2024年4月1日現在）",1984年10月1日,3億円,https://type.jp/job-company/41449/
株式会社日立ソリューションズ・クリエイト,https://www.hitachi-solutions-create.co.jp/,取締役社長 南 章一,"3,821名（2024年4月1日時点）",1976年4月,40億円,https://type.jp/job-company/41450/
株式会社ヘイフィールド,https://hayfield.jp/,代表取締役 坂巻 一樹,70名,2019年4月,,https://type.jp/job-company/41536/
株式会社VORTEX,https://vortex-tech.co.jp/,代表 中山 雄介,社員25名 + 10名（フリーランス・パートナー）,2021年11月29日,1000万円,https://type.jp/job-company/41966/
バレットグループ株式会社,https://bltinc.co.jp/,代表取締役 CEO／小方 厚,194名（2025年7月時点）,2013年1月,"1,000万円",https://type.jp/job-company/41996/
株式会社VILUCK WORK,https://viluck-work.co.jp/,代表取締役 吉村 秀也,127名（2026年2月時点）,2021年2月,2000万円,https://type.jp/job-company/42402/
ファンタレイ株式会社,https://funtarhei.co.jp/,代表取締役 作山 祐樹,中途入社者の割合／100％,2023年11月13日,2500万円,https://type.jp/job-company/43137/
株式会社FindConsulting,https://findconsul.com,代表取締役 田中 貴雄,25名,2020年 5月18日,3000万円,https://type.jp/job-company/43520/
阪急タクシー株式会社,https://www.hankyu-taxi.co.jp/,代表取締役 小野浩幸,約1300名,1951年,1億円,https://type.jp/job-company/43911/
株式会社ビーリッジ,https://www.b-ridges.com/,代表取締役 森藤 弘喜／玉井 哲生,28名 (2026年5月時点),2015年10月,"10,000,000円",https://type.jp/job-company/44820/
株式会社ブレーンズ・システム,https://www.brains-system.co.jp/company/,代表取締役社長 松川 頼久,39名,昭和58年5月9日,"1,000万円",https://type.jp/job-company/44927/
株式会社フラックス・エージェント 関西支店,https://www.fxa.jp,阿部 浩昭,,2006年8月4日,1000万円,https://type.jp/job-company/45336/
株式会社プラウドアドバンス,https://advance.proud-g.jp,代表取締役社長 村上 行隆,,,"グループ総資本金2,300万円（株式会社プラウドアドバンス：100万円）",https://type.jp/job-company/45534/
株式会社ヒューマンキュレーション,https://curation.co.jp/,代表取締役 久堀 雅史,120名,2022年(令和4年)12月16日,1000万円,https://type.jp/job-company/45743/
ハートランド株式会社,https://heartland-group.com/,代表取締役社長 竹内 康人,500名（2024年6月）,1968年 5月20日,4800万円,https://type.jp/job-company/45850/
株式会社FunClock,https://www.funclock.co.jp/,代表取締役 三井 友也,390名（契約社員・テスターアルバイト含む）,2018年7月,"20,000,000円",https://type.jp/job-company/45999/
パーソルビジネスプロセスデザイン株式会社 事業開発本部,https://www.persol-bd.co.jp/,代表取締役社長 市村 和幸,"18,311名（2026年2月1日時点）※当社所属の全雇用形態の従業員数",1977年9月（昭和52年9月24日）,"3億1,000万円",https://type.jp/job-company/46024/
株式会社フジ東京サービス,https://fujitokyoservice.co.jp/,代表取締役 福⻄ 貞彦,21名（2026年7月時点）,1995年,1000万円,https://type.jp/job-company/46269/
プレイネクストラボ株式会社,https://www.playnext-lab.co.jp/about/,代表取締役社長 柏 匠,69名,2016年1月,7000万円,https://type.jp/job-company/46322/
フレックシステムズ株式会社,https://www.flexsystems-inc.com/,代表取締役社長 塚田 孝之 ／ 代表取締役副社長 加村 恭一,,2003年10月,"3,100万円",https://type.jp/job-company/46467/
北海道旅客鉄道株式会社（JR北海道）,https://www.jrhokkaido.co.jp/,代表取締役社長 綿貫 泰之,"約6,000人（2025年4月時点）",1987年 4月1日,90億円,https://type.jp/job-company/46529/
ハネダ防設株式会社,https://hanebo.com/,代表取締役 伊東 啓昌,48名（2026年4月時点）,2008年5月27日,"60,000,000円",https://type.jp/job-company/46574/
株式会社ピソラ,https://pisola.jp/,代表取締役 鬼界 友則,3949名（パート・アルバイト含む）,2019年9月,"30,000,000円",https://type.jp/job-company/46644/
株式会社Ｂｉｌｌｉｏｎａｉｒｅ,https://billionaire-inc.com/,代表取締役 宮脇祐記,中途入社者の割合／100％,2023年2月,,https://type.jp/job-company/47032/
株式会社バル,https://daypark-minutepark.jp/,中⽥ ⼀⽣,,1984年10月22日,"9,000万円",https://type.jp/job-company/47512/
株式会社プロスゼット,https://proszet.com/,代表取締役CEO 松本尚也,17名,2018年12月3日,"10,000千円",https://type.jp/job-company/47530/
藤倉航装株式会社,https://www.fujikura-parachute.co.jp/,代表取締役社長 長井 弘,272名,昭和14年10月18日,5000万円,https://type.jp/job-company/47698/
株式会社ホンダユーテック【ホンダグループ】,https://www.honda-uc.com/,代表取締役社長 久野 孝之,181名（2026年4月１日現在）,1992年2月（平成4年）,4億8千万円（本田技研工業株式会社連結子会社）,https://type.jp/job-company/47704/
株式会社Preferred Networks,https://www.preferred.jp/ja/,代表取締役 最高経営責任者 西川 徹,350名,2014年3月26日,"8,015百万円",https://type.jp/job-company/47818/
株式会社Preferred Networks【ポジションマッチ登録】,https://www.preferred.jp/ja/,代表取締役 最高経営責任者 西川 徹,350名,2014年3月26日,"8,015百万円",https://type.jp/job-company/47821/
株式会社フォロック,https://www.foloc.co.jp/,代表取締役／ 長谷川智紀,グループ合計232名 2025年4月時点,2025年4月1日,,https://type.jp/job-company/47928/
株式会社フューチャーゲート,https://futuregate.jp/,代表取締役 田代 政義,,2007年1月9日,"2,700万円",https://type.jp/job-company/48030/
株式会社PRUM,https://prum.jp/,代表取締役 岩本 稜平,78名(2025年6月1日現在),2019年12月,500万円,https://type.jp/job-company/48041/
株式会社フリージア,https://freegier.co.jp/,代表取締役社長 三上 哲由,40名,2019年12月,1000万円,https://type.jp/job-company/48154/
株式会社フロンティア・システムソリューションズ,https://www.frontier-syssol.com,代表取締役 須藤 賢二,39名（2026年7月現在）,2008年,1000万円,https://type.jp/job-company/48170/
株式会社ハンズ,https://info.hands.net/company/,代表取締役社長 社長執行役員 桜井 悟,"1,668名※2026年3月1日現在",1976年8月28日,1億円,https://type.jp/job-company/48304/
株式会社ＢｉｔＳｔａｒ【ポジションマッチ登録】,https://bitstar.tokyo/corp/,代表取締役 社長執行役員CEO 渡邉 拓,162名,2014年7月10日,"13億8,910万9,621円（資本準備金含む）",https://type.jp/job-company/48359/
FLOW UP株式会社,https://flow-up.jp/,代表取締役 柳田 和彦,,2024年3月,,https://type.jp/job-company/48410/
株式会社プライム・オリジンズ,https://origines.co.jp/,取締役社長兼最高経営責任者／宮﨑 雄一,,平成11（1999）年11月1日,"4,000万円",https://type.jp/job-company/48421/
株式会社ポート,https://www.saneigroup.co.jp/profile.php,代表取締役 三好一真,,平成9年9月1日,"1,000万円",https://type.jp/job-company/48447/
株式会社日立アイイーシステム,https://www.hitachi-ie.jp/,取締役社長 武本 剛,397名（2025年4月現在）,1962年,4億5000万円（株式会社日立インダストリアルプロダクツ：75％、株式会社日立製作所：25％）,https://type.jp/job-company/48525/
株式会社ＰＫＳＨＡＴｅｃｈｎｏｌｏｇｙ,https://www.pkshatech.com/,代表取締役 上野山 勝也,1001人（2025年9月末時点、連結従業員数）,2012年10月,,https://type.jp/job-company/48583/
株式会社Prime Lux,https://prime-lux-inc.com/,細谷 泰心,,,,https://type.jp/job-company/48786/
フューチャー・アンティークス株式会社,https://www.futureantiques.co.jp/,代表取締役 林 高浩、篠田 和典,"1,024名（2026年1月現在）",2005年6月15日,1億円,https://type.jp/job-company/48796/
株式会社バンブーフィールド,https://bamboo-field.com/,代表取締役：佐々野泰将,27名 (2025年10月時点）,1996年5月24日,"6,200万円",https://type.jp/job-company/48819/
株式会社ＢＲＥＸＡ Ｃｏｍｍｕｎｉｃａｔｉｏｎｓ,https://communications.brexa.com/,代表取締役社長 松本 信一,1600名（2025年4月時点）,2001年6月12日,5500万円,https://type.jp/job-company/48891/
株式会社パブレ,https://www.pabure.co.jp/,,443名（2025年9月末時点）,1990年4月,"1,000万円",https://type.jp/job-company/48941/
株式会社Bold Investment,https://bold-investment.com/,代表取締役 柳田 裕一,,2015年9月,"3,000万円",https://type.jp/job-company/48996/
ピクシーダストテクノロジーズ株式会社,https://pixiedusttech.com/ja,代表取締役会長 落合 陽一,84人,2017年,"50,646,000円",https://type.jp/job-company/48997/
株式会社VRAIN Solution【ポジションマッチ登録】,https://vrain.co.jp/,代表取締役社長 南塲 勇佑,,2020年3月16日,"16,070,500円（2025年12月末日現在）",https://type.jp/job-company/49001/
フューチャー株式会社【ポジションマッチ登録】,https://www.future.co.jp/,代表取締役会長兼社長 グループCEO 金丸 恭文,,1989年11月28日,"4,000百万円",https://type.jp/job-company/49068/
日立空調ソリューションズ株式会社,https://www.hitachi-gls.co.jp/hitachi-acs/,取締役社長 山田 哲也,356人(2024年3月時点),1977年8月27日,1億円,https://type.jp/job-company/49111/
株式会社PERSONAL PROMOTION,https://personal-promotion.jp/,代表取締役 森 良輔,20名,,,https://type.jp/job-company/49116/
株式会社１６６,https://www.166.co.jp/,代表取締役 佐藤 昂太,,2023年7月7日,1百万円,https://type.jp/job-company/49124/
株式会社はぴねす,https://happines-kaitori.com/,代表取締役 池田 勝洋,平均年齢／34歳,2020年1月23日,１００万円,https://type.jp/job-company/49199/
株式会社PR1MEPICK,https://pr1mepick.com/,⽶⼭ 弘⼤,30名前後,2024年7⽉29⽇,200万円,https://type.jp/job-company/49305/
株式会社Hajimari,https://hajimari.inc/,代表取締役 木村 直人,218名,2015年2月26日,1億円,https://type.jp/job-company/49312/
株式会社フジ,https://www.fuji-ya.co.jp/,代表取締役 横山 呼人,17名,昭和60年12月18日,"1,000万円",https://type.jp/job-company/49335/
花菱不動産株式会社,https://hanabishi-f.co.jp/,代表取締役 市川 勝久,56人(2025年10月1日),2009年(平成21年)9月,"9,000万円",https://type.jp/job-company/49416/
VerticallimIT株式会社,https://verticallimit.co.jp/,代表取締役 小林 尚,31名（2025年2月）,2022年11月21日,"2,000万円",https://type.jp/job-company/49421/
B.F.ViVid株式会社,https://www.kawasaki-motors.com/ja-jp/plaza-store/tokyoadachi,田村 知徳,8名,1986年6月,100万円,https://type.jp/job-company/49490/
株式会社フジワーク 熊本事業所,https://www.fujiwork.co.jp/,代表取締役社長：伊藤 貴男,,1983年6月,,https://type.jp/job-company/49493/
株式会社パワープラット,https://powerplat.co.jp/,代表取締役 江藤 尚武,,令和6年10月7日,,https://type.jp/job-company/49495/
株式会社ｆｏｒＳｐｅｃ,https://forspec.co.jp/,代表取締役 田上 敬士,30名,2016年4月,"10,000,000円",https://type.jp/job-company/49503/
Bizplusソリューション株式会社,https://www.bizplussolution.co.jp/,代表取締役 成 蓓蓓,109名（2025年12月時点）,2017年7月,2000万円,https://type.jp/job-company/49514/
株式会社ボーグテクノロジー,https://www.borgtechnology.co.jp/,代表取締役社長 齊藤 正孝,20名,2007年10月2日,"6,000万円",https://type.jp/job-company/49515/
株式会社ホットランドフーズ,https://hotland.co.jp/company/,代表取締役 佐瀬守男,,1991年（平成3年） 6月,"33億1,307万4,900円（2024年12月31日現在）",https://type.jp/job-company/49530/
プロテック株式会社,https://www.protech-web.co.jp/,代表取締役 小松 麻衣,,1987年,"3,000万円",https://type.jp/job-company/49566/
富士エネルギー株式会社,https://www.fujiene.fuji-group.jp/,代表取締役社長 村田 至利,75名,昭和48年8月,2400万円,https://type.jp/job-company/49568/
株式会社フューレックス【東証スタンダード上場グループ】,https://www.fulex.jp/,代表取締役 牛田 富也,134名(2026年5月現在),1989年5月16日,"3,130万円",https://type.jp/job-company/49603/
ＢＩＰＲＯＧＹ株式会社【ポジションマッチ登録】,https://www.biprogy.com/,齊藤 昇,"8,801名（2026年3月31日現在 連結）",1958年（昭和33年）3月29日,"54億8,317万円",https://type.jp/job-company/49610/
株式会社フェローシップ,https://f-ship.jp/,代表取締役社長 小山 剛生,"1,063名（2025年6月1日時点）",2004年8月3日,"5,210万円",https://type.jp/job-company/49616/
株式会社ビルドアート,https://www.buildart.co.jp/,代表取締役 久米理士,76名(パート・アルバイト含む)※2026年7月現在,2001年3月,2000万円,https://type.jp/job-company/49638/
株式会社平山,https://www.hirayamastaff.co.jp/,代表取締役社長 平山 善一,"5,100名（グループ合計：10,591名／2025年6月時点）",2018年（前身会社は1955年設立）,1億円,https://type.jp/job-company/49674/
ヒトモア株式会社,https://hitomoa.com/,船水 郁矢,,2025年10月2日,2000万円,https://type.jp/job-company/49683/
株式会社ハンズ【ポジションマッチ登録】,,代表取締役社長 社長執行役員 桜井 悟,"1,668名※2026年3月1日現在",1976年8月28日,1億円,https://type.jp/job-company/49690/
株式会社プロスタッフ 営業部,https://prostaff-jp.com/,代表取締役 廣瀨 德藏,118名,1952年12月（創業：1915年4月）,1億円,https://type.jp/job-company/49734/
フォーカスメディアジャパン株式会社,https://www.focus-media.co.jp/,代表取締役／嵆 海栄,,2022年7月25日,1億9833万円,https://type.jp/job-company/49762/
株式会社viralinks,https://viralinks.jp/,青木 遼太,中途入社者の割合／☆中途入社100%☆,,,https://type.jp/job-company/49764/
株式会社フレームキャリア【ココナラグループ】,https://framecareer.com/,代表取締役 八木澤 勇希,,2023年5月,500万円,https://type.jp/job-company/49792/
株式会社プロエフィカ,https://proeffica.jp/,代表取締役 仲渡 尚文,,2025年5月,,https://type.jp/job-company/49795/
株式会社ハイウェイテックジャパン,https://www.snjp.com/,代表取締役社長 鄭 澤勇,40名,2017年12月1日,1000万円,https://type.jp/job-company/49798/
株式会社PGSホーム,https://www.pgs-home.jp/,代表取締役 池口 護,300名,2001年（創業1983年）,"8,000万円",https://type.jp/job-company/49962/
株式会社フロンティアダイレクト 第二営業本部 営業２部,https://www.frontier-di.co.jp/,代表取締役社長／古井 貴,635名（2026年9月現在）,2018年5月,"1,000万円",https://type.jp/job-company/49963/
フヨー株式会社,https://www.fuyo-web.co.jp/,代表取締役会長 花井 慎一,100名,1967年7月（創業1964年11月）,"4,000万円",https://type.jp/job-company/49968/
株式会社ＢＡＭＴＥＣＨ＆ＣＯＭＰＡＮＹ,https://bamtech.co.jp/,代表取締役 三好清太郎,,,,https://type.jp/job-company/49994/
三菱ふそうトラック・バス株式会社,http://www.mitsubishi-fuso.com/,代表取締役社長・CEO フランツィスカ・クスマノ,"約10,000人",2003年1月6日,350億円,https://type.jp/job-company/2443/
株式会社ミライル,https://miraillu.co.jp/,代表取締役 三並 史典,"1,510人 ※2025年9月末現在",2005年11月,20百万円,https://type.jp/job-company/17899/
株式会社メディアソフト,https://www.media-soft.biz/,前田和也,24名,1999年4月30日,4000万円,https://type.jp/job-company/18174/
株式会社マクロミル,https://www.macromill.com/,代表取締役社長 CEO 佐々木徹,"連結：2,262名 単体：1,183名（2025年6月末時点）",2000年1月31日,,https://type.jp/job-company/20605/
牧野電設株式会社,https://www.makino-d.co.jp/,代表取締役 牧野 長,33名,昭和53年7月,"4,000万円",https://type.jp/job-company/30735/
株式会社丸千代山岡家【東証スタンダード上場】,https://recruit.yamaokaya.com,代表取締役社長 一由 聡,"7,465名（内正社員636名）※2025年9月30日現在",平成5年3月8日,"3億2,583万2千円",https://type.jp/job-company/31592/
三井不動産株式会社【ポジションマッチ登録】,https://www.mitsuifudosan.co.jp/,代表取締役社長 植田 俊,"1,928名（2025年3月31日現在）",1941年7月15日,"341,800百万円（2025年6月27日現在）",https://type.jp/job-company/31903/
株式会社メディカルリソース,https://www.medical-res.co.jp/,代表取締役社長 小林 信幸,,2000年2月,9300万円,https://type.jp/job-company/33356/
メディケア生命保険株式会社,https://www.medicarelife.com/,取締役社長 西野 貴智,657名,2009年10月1日,1600億円（内資本準備金800億円）,https://type.jp/job-company/38729/
三菱総研ＤＣＳ株式会社,https://www.dcs.co.jp/,代表取締役社長 亀田 浩樹,"連結：3,165名 単体：2,573名（2025年9月現在）",1970年（昭和45年）7月10日,"60億5,935万円",https://type.jp/job-company/39793/
株式会社みらいオーナーズスタイル,https://www.mirai-owners-style.jp/,代表取締役 石田 興三,154名,1993年3月25日,"1,700万円",https://type.jp/job-company/40860/
有限会社ムーブオン,http://www.moveon.co.jp,堀井 幸隆,5名,1998年6月1日,300万円,https://type.jp/job-company/41710/
株式会社マネーフォワード【ポジションマッチ登録】,https://corp.moneyforward.com/,代表取締役社長CEO 辻 庸介,,2012年5月,,https://type.jp/job-company/42073/
株式会社 MightyLINK（マイティリンク）,https://mighty-link.com/,代表取締役 小林雅水,,2016年12月,1000万円,https://type.jp/job-company/42483/
株式会社メディカルネット エンジニアリング本部【東証スタンダード上場】,https://www.medical-net.com/,代表取締役会長CEO 平川 大,198名※グループ会社を含む,2001年6月,2億86百万円,https://type.jp/job-company/42495/
株式会社MIRDIS,https://mirdis.co.jp/,百瀬 宙成,平均年齢／27歳,2022年12月1日,"3,000千円",https://type.jp/job-company/42554/
株式会社マルス,https://www.kkmars.co.jp/,代表取締役 栢森 隆,77名,1997年11月7日,2300万円,https://type.jp/job-company/42666/
ミイダス株式会社【東証プライム上場パーソルグループ】,https://miidas.co.jp/,代表取締役社長 後藤 喜悦,,2019年4月1日,1億円,https://type.jp/job-company/43500/
株式会社MapleSystems【東証グロース市場上場グループ企業】,https://maplesystems.co.jp/,代表取締役 望月祐介,121名,2009年4月1日,1000万円,https://type.jp/job-company/43871/
株式会社マンクンカンクン,https://reuse-japan5.com/,代表取締役 可知 見聞,,2022年7月,300万円,https://type.jp/job-company/45215/
名鉄ＮＸ運輸株式会社,https://www.meitetsuunyu.co.jp/meitetsu-nx/,代表取締役社長 吉川 拓雄,"2,823名（2024年3月現在）",1943年6月1日（昭和18年6月1日）,1億円,https://type.jp/job-company/46438/
株式会社MiraiBeyond,https://miraibeyond.com/,小宮山 拓真,50人,2024年 2月1日,500万円,https://type.jp/job-company/48050/
株式会社MonotaRO【ポジションマッチ登録】,https://corp.monotaro.com/index.html,代表執行役社長 田村 咲耶,"正社員853名 / 全体2,694名 *アルバイト・派遣含む（2026年1月現在）",2000年10月1日,"20億4,200万（2026年1月現在）",https://type.jp/job-company/48752/
株式会社ミロク情報サービス【ポジションマッチ登録】,https://www.mjs.co.jp/,代表取締役社長 是枝 周樹,"2,242名（連結／2025年3月末現在）",1977年11月2日,31億98百万円（2025年3月末現在）,https://type.jp/job-company/49024/
株式会社MakeRe,https://www.makere.jp/,杉本 裕人,210名（グループ全体）,,,https://type.jp/job-company/49054/
メットライフ生命保険株式会社 大阪都エイジェンシーオフィス,http://www.metlife.co.jp,取締役 代表執行役 会長 社長 最高経営責任者 ディルク・オステイン,"8,621名（2025年3月末）",1972年12月11日（創立） 営業開始：1973年2月1日,"2,226億円（2025年3月末）資本準備金含む",https://type.jp/job-company/49117/
ミクレニティ株式会社,https://micrenity.co.jp/,代表取締役社長／横野 勝美,,1989年9月13日,1000万円,https://type.jp/job-company/49258/
株式会社メティス,https://www.metis-japan.com/,ジャヒルアキラ,中途入社者の割合／エンジニアは中途入社100％,2011年8月,"20,000,000円",https://type.jp/job-company/49322/
株式会社松富士食品【東証プライム上場グループ】,https://mtfj.co.jp/,瓦葺 一利,"2,104名（グループ連結／パート・アルバイト従業員含む） ※2025年6月時点",2008年11月,"3,000万円",https://type.jp/job-company/49388/
株式会社まぁぶるずワークス,https://marblesworks.co.jp/,代表取締役 圖師 洋一,,2026年05月01日,,https://type.jp/job-company/49401/
株式会社マリエッタ,https://www.marietta.co.jp/,神谷信吾,45名,2004年6月1日,1000万円,https://type.jp/job-company/49454/
都タクシー株式会社【つばめグループ】,https://miyakotaxi.jp/,代表取締役 澤井 利之,84名（2024年3月時点）,1965年4月5日,2000万円（グループ7億1800万円）,https://type.jp/job-company/49513/
株式会社メイホーアティーボ,https://www.meihoattivo.co.jp/,代表取締役 服部 泰仁,186人 (2025年6月現在),2017年2月1日,"5,000万円",https://type.jp/job-company/49563/
村上実業株式会社 名古屋営業所,https://www.murakami-real.jp/,村上 譲治,約37名,1963年,"6,000万円",https://type.jp/job-company/49569/
マネジメント・オブ・テクノロジ株式会社,https://managementoftechnology.co.jp/,鶴丸 剛,,2024年5月,,https://type.jp/job-company/49665/
三輪運輸工業株式会社,https://miwa-gr.co.jp/,代表取締役 木東 徳幸,822名（2026年4月時点）,1888年,1億2000万円,https://type.jp/job-company/49667/
株式会社マウスコンピューター,https://www.mouse-jp.co.jp/,代表取締役社長 軣秀樹,約731名,2006年10月2日,1億円,https://type.jp/job-company/49771/
マイスティアヒューマンリレーションズ株式会社 西日本センター,https://m-hr.co.jp/,代表取締役会長 工藤 正也,145名（2026年7月時点）,2021年7月（株式譲受けによる社名変更）,"3,000万円",https://type.jp/job-company/49831/
メイジングループ【合同募集】（株式会社メイジン／株式会社ナミト）,https://mayzin-g.co.jp/,代表取締役 宮原 司,株式会社メイジン：543名【2025年7月時点】※グループ全体：924名,株式会社メイジン：2008年 8月,株式会社メイジン：800万円,https://type.jp/job-company/49868/
村商東北株式会社,,代表取締役社長 河上 智,仙台11人（男8人・女3人） 郡山8人（男4人・女4人）,1984年,1000万円,https://type.jp/job-company/49911/
株式会社ユーニック,http://www.u-nic.co.jp/,代表取締役社長 下戸 由紀夫,776名,平成5年4月1日,5000万円,https://type.jp/job-company/18717/
株式会社ユー・エス・イー,https://www.use-inc.co.jp/,代表取締役／石澤 英史,68名,1992年(平成4年)3月,1500万円,https://type.jp/job-company/18875/
ユニ・チャーム株式会社,http://www.unicharm.co.jp/index.html,代表取締役 社長執行役員 高原 豪久,,1961年2月10日,159億9300万円,https://type.jp/job-company/23800/
八州電工株式会社,https://www.yashimadenko.co.jp/,代表取締役 山本 義継,535名（グループ合計630名） ※2026年3月現在,昭和46年4月(創業：大正3年3月),"3,000 万円",https://type.jp/job-company/32357/
ユニ・チャーム株式会社【ポジションマッチ登録】,https://www.unicharm.co.jp/ja/home.html,代表取締役 社長執行役員 高原 豪久,,1961年2月10日,159億9300万円,https://type.jp/job-company/35953/
代々木自動車株式会社,https://www.yoyogi.co.jp,代表取締役社長 西澤 明洋,170名,1950年11月28日,5950万円,https://type.jp/job-company/36341/
株式会社ユニバーサルソリューション総研,http://www.usri.co.jp/,代表取締役 高瀬 正明,5名,2013年10月,"1,000,000円",https://type.jp/job-company/37307/
郵船クルーズ株式会社／株式会社オーシャンホテルシステムズ【飛鳥クルーズ合同募集】,https://www.asukacruise.co.jp/,,,,,https://type.jp/job-company/37464/
山手交通株式会社,http://www.yamatekotsu.co.jp/,清田 安子,150名（グループ250名）,1949年（昭和24年）12月25日,"1,000万円",https://type.jp/job-company/38579/
株式会社ＵＮＩＴＥ ＮＥＯ,https://www.unite-neo.co.jp/,渡辺 順,,2023年11月8日,2900万円,https://type.jp/job-company/43519/
株式会社ユナイテッドアローズ【ポジションマッチ登録】,https://www.united-arrows.co.jp/,代表取締役 社長執行役員 CEO 松崎 善則,"3,750名（2025年3月31日現在）",1989年10月2日,30億3000万円,https://type.jp/job-company/43706/
株式会社山櫻,https://www.yamazakura.co.jp/,代表取締役社長 市瀬 豊和,480名（2026年2月現在）,1948年（創業：1931年5月）,"8,000万円",https://type.jp/job-company/44511/
ヤチヨコアシステム株式会社,https://www.yachiyocoa.com/,代表取締役 前田正夫,500名,1970年（昭和45年）4月1日,"9,070万円",https://type.jp/job-company/45075/
ユナイト株式会社【東証プライム上場グループ】,https://www.unitenet.co.jp/,代表取締役社長 渡辺 光郎,654名（2024年1月1日現在）,1972年 1月27日,11億4434万円,https://type.jp/job-company/46774/
株式会社Ｙａｋｕｄｏ,https://yakudoh.com/,代表取締役 及川 正幸,,2019年8月22日,300万円,https://type.jp/job-company/47468/
株式会社ヤマシタ 本社,https://www.yco.co.jp/,代表取締役社長 山下 和洋,,1963年3月（創業60年以上）,1億円,https://type.jp/job-company/48789/
大和自動車交通株式会社【東証スタンダード上場】,https://www.daiwaj.com/company.html,代表取締役社長 大塚一基,"2,524名(令和7年3月31日現在/連結)",1945年1月1日 ※創業1939年9月13日（中野相互自動車株式会社として創業）,"5億2,500万円",https://type.jp/job-company/49012/
株式会社ユニフィット,https://www.unifit.co.jp/,代表取締役 畠中 光幸,21名,2002年2月,10百万円,https://type.jp/job-company/49400/
株式会社ユニマットライフ,https://www.unimat-life.co.jp/,代表取締役社長 落合 昭,"2,964人 ( 2025年3月末 )",1958年7月,100百万円,https://type.jp/job-company/49412/
株式会社ヤスナミ測量設計,http://yasunami.co.jp/,代表取締役社長 中村一豊,13名（アルバイト含む）,1984年12月,1000万円,https://type.jp/job-company/49430/
株式会社ＵＮＩＴＥＱＵＥ,https://uniteque.jp/,隼田 翔伍,,2024年2月9日,,https://type.jp/job-company/49502/
Ｕ＆Ｒ合同会社,https://ur-group.jp/,坪下 祐也,平均年齢／32歳,2024年7月,,https://type.jp/job-company/49884/
ランスタッド株式会社,https://www.randstad.co.jp/technologies/saiyo_lp/21_03/,代表取締役会長兼CEO 道上 淳之介／代表取締役社長兼CGO 猿谷 哲,"41,400名（2024年12月末時点）",1980年8月,1億円,https://type.jp/job-company/2061/
リゾートトラスト株式会社【東証プライム上場】,http://www.resorttrust.co.jp,代表取締役ファウンダー 伊藤 與朗／代表取締役ファウンダー 伊藤 勝康／ 代表取締役社長執行役員・CEO(最高経営責任者) 伏見 有貴,"9,477名（2026年3月末／連結）",1973年4月（創業）,195億90百万円（2026年3月末）,https://type.jp/job-company/5347/
株式会社レップワン,https://www.rep1.co.jp/,代表取締役／福田 兼児,58名,2004年2月6日,"2,000万円",https://type.jp/job-company/6569/
株式会社ライフコーポレーション【東証プライム上場】,http://www.lifecorp.jp/,代表取締役社長執行役員／岩崎高治,"32,891人（26年2月期）",1956年10月,100億4百万円,https://type.jp/job-company/6580/
株式会社ロイヤリティマーケティング,https://www.loyalty.co.jp/,代表取締役社長 勝 文彦,381名（2026年4月1日時点）,2008年12月1日,"23億8,157万8000円",https://type.jp/job-company/14770/
株式会社リクルート＜SUUMO領域＞,https://www.recruit.co.jp/company/profile/,代表取締役社長 兼 取締役会議長 牛田 圭一,"12,709名",2012年10月1日,3億5000万円,https://type.jp/job-company/16010/
株式会社LIFULL,https://lifull.com/,代表取締役会長 井上 高志／代表取締役社長執行役員 伊東 祐司,"1,120 名（2026年6月30日現在、内、臨時雇用者数122名、海外子会社128名）",1997年3月12日,"9,740百万円（2026年6月30日現在）",https://type.jp/job-company/16178/
Ｒｏｓｓｏ Ｓｃｕｄｅｒｉａ 株式会社,http://www.rosso-scuderia.co.jp/,代表取締役社長 松原 隆文,,2009年7月17日,"9,000万円",https://type.jp/job-company/23044/
Ｌｏｔｕｓ＆Ｃｏｍｐａｎｙ株式会社,http://lotusandcompanyinc.com,CEO／藤木 孝志,20名（2025/09現在）,2012年5月2日,1000万円,https://type.jp/job-company/25393/
株式会社レソリューション,https://www.resolution.co.jp,代表取締役 廣谷 旭,"1,682名",平成17年12月21日,"1,000万円",https://type.jp/job-company/25714/
ライフネット生命保険株式会社【ポジションマッチ登録】,https://www.lifenet-seimei.co.jp/,代表取締役社長 横澤 淳平,239名（2025年3月末）,2006年：生命保険準備会社「ネットライフ企画株式会社」を設立,266億52百万円（2025年3月31日現在）,https://type.jp/job-company/28215/
株式会社リクルートR&Dスタッフィング【リクルートグループ】,https://www.recruit-rds.co.jp/,代表取締役社長 平本 早苗,"1,884名（令和3年3月末現在）",2006年2月1日,2億2500万円(株式会社リクルートHDのグループ企業),https://type.jp/job-company/31082/
ライフ&ワークデザイン株式会社,https://business-airport.net/,代表取締役 平地 稔 (東急不動産株式会社 都市事業ユニット/都市事業本部/執行役員 本部長),127名（2026年4月現在）,2015年10月,3000万円,https://type.jp/job-company/31522/
ラーニンギフト株式会社,https://learningift.com/,代表取締役 松園 聡,273名（2026年8月現在）,2018年8月15日,1億円（資本準備金含む）,https://type.jp/job-company/32123/
株式会社リブ・コンサルティング,https://www.libcon.co.jp/,代表取締役 関 厳(せき いわお),350名（2025年4月）,2012年7月,,https://type.jp/job-company/32146/
ライフホーム株式会社,http://www.lifehome.co.jp/,代表取締役 加藤 英四郎,100名,平成23年7月,"1,000万円",https://type.jp/job-company/33479/
楽天ペイメント株式会社,https://payment.rakuten.co.jp/,代表取締役社長 小林重信,688名,2019年4月1日,,https://type.jp/job-company/36990/
楽天ペイメント株式会社【ポジションマッチ登録】,https://payment.rakuten.co.jp/,代表取締役社長 小林 重信,,2019年4月1日,,https://type.jp/job-company/36992/
株式会社リサーチアンドソリューション,https://www.rands-co.com/,代表取締役社長 清見 光生,"約3,635名／単独 約229名（2025年9月末現在）",1979年5月,"連結 867,342千円／単独 10,000千円",https://type.jp/job-company/38325/
株式会社robot home【東証スタンダード上場】,https://corp.robothome.jp/,古木 大咲,249名（連結ベース / 正社員 / 2026年3月末時点）,2006年1月23日,74億70百万円(資本剰余金を含む),https://type.jp/job-company/39926/
株式会社リッチ,https://rich-inc.site/,代表取締役 笠原 拓馬,単体14名 連結560名 ※2026年8月1日現在,2022年4月1日,"9,990,000円",https://type.jp/job-company/40304/
リダクション株式会社,https://reduction.co.jp/,代表取締役社長 西川裕貴,110人,2022年12月2日,2500万円,https://type.jp/job-company/40456/
株式会社リンク,https://corp-link.co.jp/,代表取締役 榎本 直貴,253名（2026年8月時点),2018年11月1日,1億円,https://type.jp/job-company/41697/
株式会社リリー技研,https://lily-tech.net,代表取締役／後藤 渉,,2022年1月,"1,000,000円",https://type.jp/job-company/41992/
株式会社レクション,https://www.rection.co.jp/,代表取締役 益 岳大,11名(男性8名、女性3名)2026年5月18日現在 アルバイト含む,2016年7月1日,"1,000万円",https://type.jp/job-company/42318/
ラッドステイト株式会社,https://radstate.co.jp/,伊藤 真啓,101名,2023年10月10日,2500万円,https://type.jp/job-company/42741/
株式会社ルトラ,https://www.rutla.jp/,代表取締役 中村 健二,170名（2026年8月現在）,2019年9月,2500万円,https://type.jp/job-company/43073/
株式会社ラッセルエステート,https://russell-estate.co.jp/,上場圭祐,15名（2025年4月現在）,2021年7月28日,"10,000,000円",https://type.jp/job-company/44300/
リフト株式会社,https://corp.lift-group.co.jp/,代表取締役 杉村 哲人,80名（グループ含め）※2026年6月末時点,2015年2⽉2⽇（創業）,2660万円（グループ含む）,https://type.jp/job-company/44672/
株式会社ｒｅｌａｔｉｏｎ,https://www.relation2012.com/,代表取締役社長 井上 亮,254名（2026年1月時点）,2012年11月,2500万円,https://type.jp/job-company/45220/
株式会社LULL,https://lull-inc.co.jp/,代表取締役 仁藤 敬介,310名（2026年8月現在）,2019年6月3日,2000万円,https://type.jp/job-company/45345/
株式会社ＬＩＮＥ ＣＡＳＴ ＳＵＰＰＯＲＴ,https://line-rs.co.jp/,小原 築,平均年齢／27歳,2011年8月1日,2000万円,https://type.jp/job-company/45522/
株式会社レッドクリフ,https://redcliff.co.jp,山中 秀範,13名,2014年12月,1000万円,https://type.jp/job-company/45608/
株式会社Ｒｅｚｏｎ,https://rezon.co.jp/,代表取締役 田中 優輝,平均年齢／26歳,2024年5月,1500万円,https://type.jp/job-company/45726/
株式会社流通サービス,https://www.ryutsu.co.jp/recruit/,代表取締役社長：大葉秀樹,5006名（パートタイム雇用含む）,1974年10月21日,"2億4,000万円",https://type.jp/job-company/45755/
株式会社ラポールスター,https://www.rapport-star.com/,代表取締役 林 佑樹,48名,2019年1月,"3,000万円",https://type.jp/job-company/45781/
ランスタッド株式会社 タレントセンター本部,https://www.randstad.co.jp/,代表取締役会長兼CEO カイエタン・スローニナ／代表取締役社長兼COO 猿谷 哲,"43,340名 ※2023年12月末時点",1980年8月,1億円,https://type.jp/job-company/45877/
株式会社 LibertyWorth,https://libertyworth.co.jp/,代表取締役 村田 一弘,3名,2022年7月7日,100万円,https://type.jp/job-company/45991/
ライフイズテック株式会社,https://life-is-tech.com/,代表取締役 CEO 水野 雄介,155名（2024年7月現在）,2010年7月6日（平成22年）,1億円,https://type.jp/job-company/46588/
ラ・ハイナ株式会社,https://la-haina.jp/,代表取締役 武岡 佑樹,,2014年3月4日,"1,000万円",https://type.jp/job-company/46990/
株式会社LIV,https://liv.lol/,代表取締役 小山内 彰彦,150名（内訳：正社員124名、アルバイト26名）,2017年（平成29年）12月21日,,https://type.jp/job-company/47003/
株式会社レムコ,,高橋 洋,,昭和41年10月20日,"30,000,000円",https://type.jp/job-company/48090/
株式会社ＬＩＶＥ ＵＰ,https://to-liveup.com/,代表取締役 新垣 友寿,平均年齢／26歳,2023年8月4日,999万円,https://type.jp/job-company/48504/
株式会社リップス,https://lipps.co.jp/,的場 隆光,,2008年 4月 8日,,https://type.jp/job-company/48790/
株式会社Rower,https://rower.co.jp/,,50名,2024年,,https://type.jp/job-company/48898/
株式会社Ｌｅｇａｃｙ,https://legacy-corp.co.jp/,遠藤 匡大,95名（パートナー含む）,2023年3月3日,"1,000,000円",https://type.jp/job-company/48930/
株式会社ＬＩＮＫＮＯＴ,https://linknot.co.jp/,代表取締役 斉藤 益規,4名,2015年7月2日,300万円,https://type.jp/job-company/48970/
株式会社リベンリ,https://libenri.com/,代表取締役 倉橋康友,40名（パート・業務委託含む）,2018年５月,,https://type.jp/job-company/49073/
株式会社ＲＥＡＢＩＬＩＴＹ,,代表取締役 鈴木 真史,138名,2022年12月15日,"10,000,000円",https://type.jp/job-company/49168/
株式会社REDUCT,https://reduct-company.jp/,【代表取締役】永井 博和,6名,2024年7月17日,"1,000,000円",https://type.jp/job-company/49196/
株式会社レクシード,https://www.rexceed.co.jp/,代表取締役 蒋 明,43名,2014年4月2日,"1,500万円",https://type.jp/job-company/49280/
学校法人立志舎,https://www.all-japan.ac.jp/,理事長 田中 壮,424名,1979年,524億円,https://type.jp/job-company/49425/
ＲＩＺＡＰ建設株式会社,http://www.rizap.jp/,代表取締役社長 幕田 純,,2015年6月5日,,https://type.jp/job-company/49437/
株式会社Life Innovation,https://www.lifekaitori.com/,田中 翔太,70名,2020年,500万円,https://type.jp/job-company/49445/
ラブリー・ペット商事株式会社,https://www.lovelypet.co.jp/,兵頭 正基,320名（パート160名）,昭和45年8月,"9,900万円",https://type.jp/job-company/49474/
株式会社リリーフコミット,https://relief-commit.com/,代表取締役 入江 基行,平均年齢／20代,2022年,100万円,https://type.jp/job-company/49613/
Ｌ’ｅｔｏｉｌｅ株式会社,https://www.letoileinc.com/,代表取締役社長 東 あゆみ,10名,2025年1月23日,"2,000,000円",https://type.jp/job-company/49657/
株式会社Lien,https://www.lien-it.com/,石田 真穂,10名,2024年,"1,000,000円",https://type.jp/job-company/49692/
ライトクルー株式会社,https://lightcrew.co.jp/,取締役社長 久保田 真一,33名,2004年11月,"2,500万円",https://type.jp/job-company/49695/
ロジスティード西日本株式会社,https://www.logisteed.com/westjapan/,代表取締役社長 永野光鹿,"2,759名（2026年3月現在）",1955年(昭和30年)12月1日,1億円,https://type.jp/job-company/49699/
ランサーズ・ワンズソリューション株式会社,https://lancers-os.co.jp/,代表取締役 後藤 信彦,30名,2008年10月,1250万円,https://type.jp/job-company/49713/
株式会社ライブエスト,https://live-est.com/,代表取締役 石川 秀和,55名,2012年7月,"10,000,000円",https://type.jp/job-company/49718/
株式会社Ｌｉｂｅｒａ Ｖａｌｕｅ,https://libera-group.jp/,阿部 樹来・佐々木 聖人,,2021年12月10日,100万円,https://type.jp/job-company/49729/
株式会社Limitex,https://limitex.jp/,八木橋 将人,平均年齢／27歳,,,https://type.jp/job-company/49765/
ラッキー自動車株式会社,https://fuk-luckygroup.co.jp/,代表取締役 川添 福也,,1951年11月,2500万円（グループ総括）,https://type.jp/job-company/49787/
理研計器株式会社【東証プライム上場企業】,https://www.rikenkeiki.co.jp/,代表取締役社長 松本 哲哉,"単体1,147名／連結1,465名（2026年3月末）",1939年 3月15日,"25億6,550万円",https://type.jp/job-company/49811/
株式会社RUSH,https://corp.cardrush.co.jp/,代表取締役／五十嵐 中庸,300名,2015年1月15日,700万円,https://type.jp/job-company/49832/
ＲｅＰａｔｈ株式会社,https://repath.co.jp/,代表取締役／柴田旬也,16名（2026年8月現在）,2024年12月17日,"4,000万円",https://type.jp/job-company/49906/
株式会社リンクアンドモチベーション,https://www.lmi.ne.jp/companydata/overview.html,代表取締役会長 小笹 芳央 代表取締役社長 坂下 英樹,,2000年3月27日,"13億8,061万円",https://type.jp/job-company/49937/
株式会社リンクアンドモチベーション【ポジションマッチ登録】,https://www.lmi.ne.jp/companydata/overview.html,代表取締役会長 小笹 芳央 代表取締役社長 坂下 英樹,,2000年3月27日,"13億8,061万円",https://type.jp/job-company/49938/
株式会社リンクスホールディングス,https://mens-rinx.jp/,代表取締役 長嶺 拓,,2013年,300万円,https://type.jp/job-company/49964/
株式会社Re Axes,https://reaxes.co.jp/,須藤 裕大,47名,2016年09月20日,"41,000,000円",https://type.jp/job-company/49970/
株式会社ワーク・メイツ,http://www.workmates.co.jp/,代表取締役社長 渡里 潤也,74名（2026年1月現在）,1987年7月1日,"5,000万円",https://type.jp/job-company/19252/
株式会社ワールドコーポレーション,https://worldcorp-jp.com/,代表取締役 柴田 直樹,"3,760人（2025年10月時点）",2008年（平成20年）11月,1000万円,https://type.jp/job-company/30000/
株式会社ワールドコーポレーション 採用事業部【上場グループ】,https://worldcorp-jp.com/,代表取締役 柴田 直樹,3000名以上（2025年9月時点）,2008年（平成20年）11月11日,1000万円,https://type.jp/job-company/32603/
株式会社ワールドコンストラクション 【東証一部】 (ワールドホールディングス・グループ),https://www.wcon.co.jp/,代表取締役社長 米澤 孝幸,450名,1999年12月,"9,000万円",https://type.jp/job-company/34733/
株式会社ワーキテクノ,https://wa-ki.jp/,代表取締役 森本 勇貴,680名（2025年1月時点）,2013年12月3日,"1,000万円",https://type.jp/job-company/39246/
株式会社ワンキャリア,https://onecareer.co.jp/,代表取締役社長 宮下 尚之,273名(※2025年6月時点),2015年8月18日,"29,000,000円",https://type.jp/job-company/40617/
株式会社ワーキテクノ 技術部,https://wa-ki.jp/,代表取締役 森本 勇貴,800名（2025年12月時点）,2013年12月,1000万円,https://type.jp/job-company/41505/
株式会社ワーカービー,http://www.w-bee.co.jp/,代表取締役 山内 洋平,44名,1995年11月8日,"1,000万円",https://type.jp/job-company/44428/
株式会社ワンキャリア【ポジションマッチ登録】,https://onecareer.co.jp/about/,代表取締役社長 宮下 尚之,273名(※2025年6月時点),2015年8月18日,"29,000,000円",https://type.jp/job-company/47776/
株式会社ONE WILL,https://one-will.net/,井上 裕貴,35名（業務委託含む）,2024年9月,"2,000万円",https://type.jp/job-company/48626/
株式会社Ｗａｑｕａ テクニカルセンター,,代表取締役社長 ： 松岡徹,従業員数沖縄本社14人／テクニカルセンター10人,2012年9月20日,"20,000,000円",https://type.jp/job-company/48769/
株式会社ＷＯＷＯＷ【ポジションマッチ登録】,https://corporate.wowow.co.jp/,代表取締役 社長執行役員 山本 均,,1984年12月25日,,https://type.jp/job-company/49023/
株式会社One Team Plus,https://one-t-p.com/,栗原 徳一,,2025年（令和7年）7月7日,"3,000,000円",https://type.jp/job-company/49362/
和光電気株式会社,https://www.wako-dnk.co.jp/,代表者 佐藤順彦,35名,昭和51年10月1日,3000万円,https://type.jp/job-company/49387/
株式会社ＹＬＤ,https://yld-co.com/,,105名,2016年6月,"5,000万円",https://type.jp/job-company/49420/
株式会社ワンズブルーム,https://ones-g.jp/,代表取締役 尾田 洋平,47名,2022年08月02日,"1,000万円",https://type.jp/job-company/49945/
